-- MySQL dump 10.13  Distrib 8.0.32, for Win64 (x86_64)
--
-- Host: 127.0.0.1    Database: ro
-- ------------------------------------------------------
-- Server version	8.0.32

/*!40101 SET @OLD_CHARACTER_SET_CLIENT=@@CHARACTER_SET_CLIENT */;
/*!40101 SET @OLD_CHARACTER_SET_RESULTS=@@CHARACTER_SET_RESULTS */;
/*!40101 SET @OLD_COLLATION_CONNECTION=@@COLLATION_CONNECTION */;
/*!50503 SET NAMES utf8 */;
/*!40103 SET @OLD_TIME_ZONE=@@TIME_ZONE */;
/*!40103 SET TIME_ZONE='+00:00' */;
/*!40014 SET @OLD_UNIQUE_CHECKS=@@UNIQUE_CHECKS, UNIQUE_CHECKS=0 */;
/*!40014 SET @OLD_FOREIGN_KEY_CHECKS=@@FOREIGN_KEY_CHECKS, FOREIGN_KEY_CHECKS=0 */;
/*!40101 SET @OLD_SQL_MODE=@@SQL_MODE, SQL_MODE='NO_AUTO_VALUE_ON_ZERO' */;
/*!40111 SET @OLD_SQL_NOTES=@@SQL_NOTES, SQL_NOTES=0 */;

--
-- Table structure for table `auth_group`
--

DROP TABLE IF EXISTS `auth_group`;
/*!40101 SET @saved_cs_client     = @@character_set_client */;
/*!50503 SET character_set_client = utf8mb4 */;
CREATE TABLE `auth_group` (
  `id` int NOT NULL AUTO_INCREMENT,
  `name` varchar(150) NOT NULL,
  PRIMARY KEY (`id`),
  UNIQUE KEY `name` (`name`)
) ENGINE=InnoDB DEFAULT CHARSET=utf8mb4 COLLATE=utf8mb4_0900_ai_ci;
/*!40101 SET character_set_client = @saved_cs_client */;

--
-- Dumping data for table `auth_group`
--

LOCK TABLES `auth_group` WRITE;
/*!40000 ALTER TABLE `auth_group` DISABLE KEYS */;
/*!40000 ALTER TABLE `auth_group` ENABLE KEYS */;
UNLOCK TABLES;

--
-- Table structure for table `auth_group_permissions`
--

DROP TABLE IF EXISTS `auth_group_permissions`;
/*!40101 SET @saved_cs_client     = @@character_set_client */;
/*!50503 SET character_set_client = utf8mb4 */;
CREATE TABLE `auth_group_permissions` (
  `id` bigint NOT NULL AUTO_INCREMENT,
  `group_id` int NOT NULL,
  `permission_id` int NOT NULL,
  PRIMARY KEY (`id`),
  UNIQUE KEY `auth_group_permissions_group_id_permission_id_0cd325b0_uniq` (`group_id`,`permission_id`),
  KEY `auth_group_permissio_permission_id_84c5c92e_fk_auth_perm` (`permission_id`),
  CONSTRAINT `auth_group_permissio_permission_id_84c5c92e_fk_auth_perm` FOREIGN KEY (`permission_id`) REFERENCES `auth_permission` (`id`),
  CONSTRAINT `auth_group_permissions_group_id_b120cbf9_fk_auth_group_id` FOREIGN KEY (`group_id`) REFERENCES `auth_group` (`id`)
) ENGINE=InnoDB DEFAULT CHARSET=utf8mb4 COLLATE=utf8mb4_0900_ai_ci;
/*!40101 SET character_set_client = @saved_cs_client */;

--
-- Dumping data for table `auth_group_permissions`
--

LOCK TABLES `auth_group_permissions` WRITE;
/*!40000 ALTER TABLE `auth_group_permissions` DISABLE KEYS */;
/*!40000 ALTER TABLE `auth_group_permissions` ENABLE KEYS */;
UNLOCK TABLES;

--
-- Table structure for table `auth_permission`
--

DROP TABLE IF EXISTS `auth_permission`;
/*!40101 SET @saved_cs_client     = @@character_set_client */;
/*!50503 SET character_set_client = utf8mb4 */;
CREATE TABLE `auth_permission` (
  `id` int NOT NULL AUTO_INCREMENT,
  `name` varchar(255) NOT NULL,
  `content_type_id` int NOT NULL,
  `codename` varchar(100) NOT NULL,
  PRIMARY KEY (`id`),
  UNIQUE KEY `auth_permission_content_type_id_codename_01ab375a_uniq` (`content_type_id`,`codename`),
  CONSTRAINT `auth_permission_content_type_id_2f476e4b_fk_django_co` FOREIGN KEY (`content_type_id`) REFERENCES `django_content_type` (`id`)
) ENGINE=InnoDB AUTO_INCREMENT=25 DEFAULT CHARSET=utf8mb4 COLLATE=utf8mb4_0900_ai_ci;
/*!40101 SET character_set_client = @saved_cs_client */;

--
-- Dumping data for table `auth_permission`
--

LOCK TABLES `auth_permission` WRITE;
/*!40000 ALTER TABLE `auth_permission` DISABLE KEYS */;
INSERT INTO `auth_permission` VALUES (1,'Can add log entry',1,'add_logentry'),(2,'Can change log entry',1,'change_logentry'),(3,'Can delete log entry',1,'delete_logentry'),(4,'Can view log entry',1,'view_logentry'),(5,'Can add permission',2,'add_permission'),(6,'Can change permission',2,'change_permission'),(7,'Can delete permission',2,'delete_permission'),(8,'Can view permission',2,'view_permission'),(9,'Can add group',3,'add_group'),(10,'Can change group',3,'change_group'),(11,'Can delete group',3,'delete_group'),(12,'Can view group',3,'view_group'),(13,'Can add user',4,'add_user'),(14,'Can change user',4,'change_user'),(15,'Can delete user',4,'delete_user'),(16,'Can view user',4,'view_user'),(17,'Can add content type',5,'add_contenttype'),(18,'Can change content type',5,'change_contenttype'),(19,'Can delete content type',5,'delete_contenttype'),(20,'Can view content type',5,'view_contenttype'),(21,'Can add session',6,'add_session'),(22,'Can change session',6,'change_session'),(23,'Can delete session',6,'delete_session'),(24,'Can view session',6,'view_session');
/*!40000 ALTER TABLE `auth_permission` ENABLE KEYS */;
UNLOCK TABLES;

--
-- Table structure for table `auth_user`
--

DROP TABLE IF EXISTS `auth_user`;
/*!40101 SET @saved_cs_client     = @@character_set_client */;
/*!50503 SET character_set_client = utf8mb4 */;
CREATE TABLE `auth_user` (
  `id` int NOT NULL AUTO_INCREMENT,
  `password` varchar(128) NOT NULL,
  `last_login` datetime(6) DEFAULT NULL,
  `is_superuser` tinyint(1) NOT NULL,
  `username` varchar(150) NOT NULL,
  `first_name` varchar(150) NOT NULL,
  `last_name` varchar(150) NOT NULL,
  `email` varchar(254) NOT NULL,
  `is_staff` tinyint(1) NOT NULL,
  `is_active` tinyint(1) NOT NULL,
  `date_joined` datetime(6) NOT NULL,
  PRIMARY KEY (`id`),
  UNIQUE KEY `username` (`username`)
) ENGINE=InnoDB DEFAULT CHARSET=utf8mb4 COLLATE=utf8mb4_0900_ai_ci;
/*!40101 SET character_set_client = @saved_cs_client */;

--
-- Dumping data for table `auth_user`
--

LOCK TABLES `auth_user` WRITE;
/*!40000 ALTER TABLE `auth_user` DISABLE KEYS */;
/*!40000 ALTER TABLE `auth_user` ENABLE KEYS */;
UNLOCK TABLES;

--
-- Table structure for table `auth_user_groups`
--

DROP TABLE IF EXISTS `auth_user_groups`;
/*!40101 SET @saved_cs_client     = @@character_set_client */;
/*!50503 SET character_set_client = utf8mb4 */;
CREATE TABLE `auth_user_groups` (
  `id` bigint NOT NULL AUTO_INCREMENT,
  `user_id` int NOT NULL,
  `group_id` int NOT NULL,
  PRIMARY KEY (`id`),
  UNIQUE KEY `auth_user_groups_user_id_group_id_94350c0c_uniq` (`user_id`,`group_id`),
  KEY `auth_user_groups_group_id_97559544_fk_auth_group_id` (`group_id`),
  CONSTRAINT `auth_user_groups_group_id_97559544_fk_auth_group_id` FOREIGN KEY (`group_id`) REFERENCES `auth_group` (`id`),
  CONSTRAINT `auth_user_groups_user_id_6a12ed8b_fk_auth_user_id` FOREIGN KEY (`user_id`) REFERENCES `auth_user` (`id`)
) ENGINE=InnoDB DEFAULT CHARSET=utf8mb4 COLLATE=utf8mb4_0900_ai_ci;
/*!40101 SET character_set_client = @saved_cs_client */;

--
-- Dumping data for table `auth_user_groups`
--

LOCK TABLES `auth_user_groups` WRITE;
/*!40000 ALTER TABLE `auth_user_groups` DISABLE KEYS */;
/*!40000 ALTER TABLE `auth_user_groups` ENABLE KEYS */;
UNLOCK TABLES;

--
-- Table structure for table `auth_user_user_permissions`
--

DROP TABLE IF EXISTS `auth_user_user_permissions`;
/*!40101 SET @saved_cs_client     = @@character_set_client */;
/*!50503 SET character_set_client = utf8mb4 */;
CREATE TABLE `auth_user_user_permissions` (
  `id` bigint NOT NULL AUTO_INCREMENT,
  `user_id` int NOT NULL,
  `permission_id` int NOT NULL,
  PRIMARY KEY (`id`),
  UNIQUE KEY `auth_user_user_permissions_user_id_permission_id_14a6b632_uniq` (`user_id`,`permission_id`),
  KEY `auth_user_user_permi_permission_id_1fbb5f2c_fk_auth_perm` (`permission_id`),
  CONSTRAINT `auth_user_user_permi_permission_id_1fbb5f2c_fk_auth_perm` FOREIGN KEY (`permission_id`) REFERENCES `auth_permission` (`id`),
  CONSTRAINT `auth_user_user_permissions_user_id_a95ead1b_fk_auth_user_id` FOREIGN KEY (`user_id`) REFERENCES `auth_user` (`id`)
) ENGINE=InnoDB DEFAULT CHARSET=utf8mb4 COLLATE=utf8mb4_0900_ai_ci;
/*!40101 SET character_set_client = @saved_cs_client */;

--
-- Dumping data for table `auth_user_user_permissions`
--

LOCK TABLES `auth_user_user_permissions` WRITE;
/*!40000 ALTER TABLE `auth_user_user_permissions` DISABLE KEYS */;
/*!40000 ALTER TABLE `auth_user_user_permissions` ENABLE KEYS */;
UNLOCK TABLES;

--
-- Table structure for table `brigades`
--

DROP TABLE IF EXISTS `brigades`;
/*!40101 SET @saved_cs_client     = @@character_set_client */;
/*!50503 SET character_set_client = utf8mb4 */;
CREATE TABLE `brigades` (
  `id_brigade` int NOT NULL,
  `name_of_brigade` varchar(45) DEFAULT NULL,
  `brigade_status` tinyint DEFAULT NULL,
  PRIMARY KEY (`id_brigade`)
) ENGINE=InnoDB DEFAULT CHARSET=utf8mb4 COLLATE=utf8mb4_0900_ai_ci;
/*!40101 SET character_set_client = @saved_cs_client */;

--
-- Dumping data for table `brigades`
--

LOCK TABLES `brigades` WRITE;
/*!40000 ALTER TABLE `brigades` DISABLE KEYS */;
INSERT INTO `brigades` VALUES (1,'Мастера Ремонта',NULL),(2,'Классная бригада ',NULL),(3,'Стиль качества',NULL),(4,'Хороший ремонт',NULL),(5,'Совет да ремонт',NULL);
/*!40000 ALTER TABLE `brigades` ENABLE KEYS */;
UNLOCK TABLES;

--
-- Table structure for table `django_admin_log`
--

DROP TABLE IF EXISTS `django_admin_log`;
/*!40101 SET @saved_cs_client     = @@character_set_client */;
/*!50503 SET character_set_client = utf8mb4 */;
CREATE TABLE `django_admin_log` (
  `id` int NOT NULL AUTO_INCREMENT,
  `action_time` datetime(6) NOT NULL,
  `object_id` longtext,
  `object_repr` varchar(200) NOT NULL,
  `action_flag` smallint unsigned NOT NULL,
  `change_message` longtext NOT NULL,
  `content_type_id` int DEFAULT NULL,
  `user_id` int NOT NULL,
  PRIMARY KEY (`id`),
  KEY `django_admin_log_content_type_id_c4bce8eb_fk_django_co` (`content_type_id`),
  KEY `django_admin_log_user_id_c564eba6_fk_auth_user_id` (`user_id`),
  CONSTRAINT `django_admin_log_content_type_id_c4bce8eb_fk_django_co` FOREIGN KEY (`content_type_id`) REFERENCES `django_content_type` (`id`),
  CONSTRAINT `django_admin_log_user_id_c564eba6_fk_auth_user_id` FOREIGN KEY (`user_id`) REFERENCES `auth_user` (`id`),
  CONSTRAINT `django_admin_log_chk_1` CHECK ((`action_flag` >= 0))
) ENGINE=InnoDB DEFAULT CHARSET=utf8mb4 COLLATE=utf8mb4_0900_ai_ci;
/*!40101 SET character_set_client = @saved_cs_client */;

--
-- Dumping data for table `django_admin_log`
--

LOCK TABLES `django_admin_log` WRITE;
/*!40000 ALTER TABLE `django_admin_log` DISABLE KEYS */;
/*!40000 ALTER TABLE `django_admin_log` ENABLE KEYS */;
UNLOCK TABLES;

--
-- Table structure for table `django_content_type`
--

DROP TABLE IF EXISTS `django_content_type`;
/*!40101 SET @saved_cs_client     = @@character_set_client */;
/*!50503 SET character_set_client = utf8mb4 */;
CREATE TABLE `django_content_type` (
  `id` int NOT NULL AUTO_INCREMENT,
  `app_label` varchar(100) NOT NULL,
  `model` varchar(100) NOT NULL,
  PRIMARY KEY (`id`),
  UNIQUE KEY `django_content_type_app_label_model_76bd3d3b_uniq` (`app_label`,`model`)
) ENGINE=InnoDB AUTO_INCREMENT=7 DEFAULT CHARSET=utf8mb4 COLLATE=utf8mb4_0900_ai_ci;
/*!40101 SET character_set_client = @saved_cs_client */;

--
-- Dumping data for table `django_content_type`
--

LOCK TABLES `django_content_type` WRITE;
/*!40000 ALTER TABLE `django_content_type` DISABLE KEYS */;
INSERT INTO `django_content_type` VALUES (1,'admin','logentry'),(3,'auth','group'),(2,'auth','permission'),(4,'auth','user'),(5,'contenttypes','contenttype'),(6,'sessions','session');
/*!40000 ALTER TABLE `django_content_type` ENABLE KEYS */;
UNLOCK TABLES;

--
-- Table structure for table `django_migrations`
--

DROP TABLE IF EXISTS `django_migrations`;
/*!40101 SET @saved_cs_client     = @@character_set_client */;
/*!50503 SET character_set_client = utf8mb4 */;
CREATE TABLE `django_migrations` (
  `id` bigint NOT NULL AUTO_INCREMENT,
  `app` varchar(255) NOT NULL,
  `name` varchar(255) NOT NULL,
  `applied` datetime(6) NOT NULL,
  PRIMARY KEY (`id`)
) ENGINE=InnoDB AUTO_INCREMENT=19 DEFAULT CHARSET=utf8mb4 COLLATE=utf8mb4_0900_ai_ci;
/*!40101 SET character_set_client = @saved_cs_client */;

--
-- Dumping data for table `django_migrations`
--

LOCK TABLES `django_migrations` WRITE;
/*!40000 ALTER TABLE `django_migrations` DISABLE KEYS */;
INSERT INTO `django_migrations` VALUES (1,'contenttypes','0001_initial','2023-05-30 10:06:38.525520'),(2,'auth','0001_initial','2023-05-30 10:06:38.915806'),(3,'admin','0001_initial','2023-05-30 10:06:39.018173'),(4,'admin','0002_logentry_remove_auto_add','2023-05-30 10:06:39.030182'),(5,'admin','0003_logentry_add_action_flag_choices','2023-05-30 10:06:39.039184'),(6,'contenttypes','0002_remove_content_type_name','2023-05-30 10:06:39.101208'),(7,'auth','0002_alter_permission_name_max_length','2023-05-30 10:06:39.149850'),(8,'auth','0003_alter_user_email_max_length','2023-05-30 10:06:39.183858'),(9,'auth','0004_alter_user_username_opts','2023-05-30 10:06:39.194860'),(10,'auth','0005_alter_user_last_login_null','2023-05-30 10:06:39.237075'),(11,'auth','0006_require_contenttypes_0002','2023-05-30 10:06:39.241067'),(12,'auth','0007_alter_validators_add_error_messages','2023-05-30 10:06:39.252179'),(13,'auth','0008_alter_user_username_max_length','2023-05-30 10:06:39.305533'),(14,'auth','0009_alter_user_last_name_max_length','2023-05-30 10:06:39.352984'),(15,'auth','0010_alter_group_name_max_length','2023-05-30 10:06:39.380990'),(16,'auth','0011_update_proxy_permissions','2023-05-30 10:06:39.395993'),(17,'auth','0012_alter_user_first_name_max_length','2023-05-30 10:06:39.490389'),(18,'sessions','0001_initial','2023-05-30 10:06:39.558306');
/*!40000 ALTER TABLE `django_migrations` ENABLE KEYS */;
UNLOCK TABLES;

--
-- Table structure for table `django_session`
--

DROP TABLE IF EXISTS `django_session`;
/*!40101 SET @saved_cs_client     = @@character_set_client */;
/*!50503 SET character_set_client = utf8mb4 */;
CREATE TABLE `django_session` (
  `session_key` varchar(40) NOT NULL,
  `session_data` longtext NOT NULL,
  `expire_date` datetime(6) NOT NULL,
  PRIMARY KEY (`session_key`),
  KEY `django_session_expire_date_a5c62663` (`expire_date`)
) ENGINE=InnoDB DEFAULT CHARSET=utf8mb4 COLLATE=utf8mb4_0900_ai_ci;
/*!40101 SET character_set_client = @saved_cs_client */;

--
-- Dumping data for table `django_session`
--

LOCK TABLES `django_session` WRITE;
/*!40000 ALTER TABLE `django_session` DISABLE KEYS */;
/*!40000 ALTER TABLE `django_session` ENABLE KEYS */;
UNLOCK TABLES;

--
-- Table structure for table `genders`
--

DROP TABLE IF EXISTS `genders`;
/*!40101 SET @saved_cs_client     = @@character_set_client */;
/*!50503 SET character_set_client = utf8mb4 */;
CREATE TABLE `genders` (
  `id_gender` int NOT NULL,
  `name_of_gender` varchar(45) DEFAULT NULL,
  `gender_status` tinyint DEFAULT NULL,
  PRIMARY KEY (`id_gender`)
) ENGINE=InnoDB DEFAULT CHARSET=utf8mb4 COLLATE=utf8mb4_0900_ai_ci;
/*!40101 SET character_set_client = @saved_cs_client */;

--
-- Dumping data for table `genders`
--

LOCK TABLES `genders` WRITE;
/*!40000 ALTER TABLE `genders` DISABLE KEYS */;
INSERT INTO `genders` VALUES (1,'мужской',NULL),(2,'женский',NULL);
/*!40000 ALTER TABLE `genders` ENABLE KEYS */;
UNLOCK TABLES;

--
-- Table structure for table `highways`
--

DROP TABLE IF EXISTS `highways`;
/*!40101 SET @saved_cs_client     = @@character_set_client */;
/*!50503 SET character_set_client = utf8mb4 */;
CREATE TABLE `highways` (
  `id_highway` int NOT NULL,
  `name_of_highway` varchar(45) DEFAULT NULL,
  `highway_status` tinyint DEFAULT NULL,
  PRIMARY KEY (`id_highway`)
) ENGINE=InnoDB DEFAULT CHARSET=utf8mb4 COLLATE=utf8mb4_0900_ai_ci;
/*!40101 SET character_set_client = @saved_cs_client */;

--
-- Dumping data for table `highways`
--

LOCK TABLES `highways` WRITE;
/*!40000 ALTER TABLE `highways` DISABLE KEYS */;
INSERT INTO `highways` VALUES (1,'МКАД',1),(2,'Садовое кольцо',1),(3,'Горьковское шоссе',1),(4,'Щелковское шоссе',1),(5,'Ярославское шоссе',1),(6,'Рязанское шоссе',1),(7,'Мажайское шоссе',1),(8,'Каширское шоссе',1),(9,'Звенигородское шоссе',1),(10,'Волоколамское шоссе',1),(11,'Востряковское шоссе',1),(12,'Головинское шоссе',1),(13,'Дмитровское шоссе',1),(14,'Долгопрудненское шоссе',1),(15,'Заводское шоссе',1),(16,'Загородное шоссе',1),(17,'Звенигородское шоссе',1),(18,'Иваньковское шоссе',1),(19,'Измайловское шоссе',1),(20,'Карачаровское шоссе',1),(21,'Каширское шоссе',1),(22,'Киевское шоссе',1),(23,'Коломенское шоссе',1),(24,'Коровинское шоссе',1),(25,'Куркинское шоссе',1),(26,'Ленинградское шоссе',1),(27,'Машкинское шоссе',1),(28,'Международное шоссе',1),(29,'Можайское шоссе',1),(30,'Новокуркинское шоссе',1),(31,'Новорязанское шоссе',1),(32,'Новосходненское шоссе',1),(33,'Новоухтомское шоссе',1),(34,'Новоцарицынское шоссе',1),(35,'Носовихинское шоссе',1),(36,'Обводное шоссе',1),(37,'Открытое шоссе',1),(38,'Очаковское шоссе',1),(39,'Пакгаузное шоссе',1),(40,'Перовское шоссе',1),(41,'Подольское шоссе',1),(42,'Путилковское шоссе',1),(43,'Пятницкое шоссе',1),(44,'Рублёво-Успенское шоссе',1),(45,'Рублёвское шоссе',1),(46,'Сколковское шоссе',1),(47,'Старокалужское шоссе',1),(48,'Старокаширское шоссе',1),(49,'Старомарьинское шоссе',1),(50,'Староможайское шоссе',1),(51,'Строгинское шоссе',1),(52,'Сусоколовское шоссе',1),(53,'Фирсановское шоссе',1),(54,'Фрезер, шоссе',1),(55,'Хорошёвское шоссе',1),(56,'Челобитьевское шоссе',1),(57,'Шелепихинское шоссе',1),(58,'Шереметьевское шоссе',1),(59,'Щёлковское шоссе',1),(60,'Энтузиастов, шоссе',1),(61,'Ярославское шоссе',1);
/*!40000 ALTER TABLE `highways` ENABLE KEYS */;
UNLOCK TABLES;

--
-- Table structure for table `objects`
--

DROP TABLE IF EXISTS `objects`;
/*!40101 SET @saved_cs_client     = @@character_set_client */;
/*!50503 SET character_set_client = utf8mb4 */;
CREATE TABLE `objects` (
  `id_object` int NOT NULL,
  `name_of_object` varchar(45) DEFAULT NULL,
  `object_status` tinyint DEFAULT NULL,
  PRIMARY KEY (`id_object`)
) ENGINE=InnoDB DEFAULT CHARSET=utf8mb4 COLLATE=utf8mb4_0900_ai_ci;
/*!40101 SET character_set_client = @saved_cs_client */;

--
-- Dumping data for table `objects`
--

LOCK TABLES `objects` WRITE;
/*!40000 ALTER TABLE `objects` DISABLE KEYS */;
INSERT INTO `objects` VALUES (1,'дорога',NULL),(2,'тратуар',NULL);
/*!40000 ALTER TABLE `objects` ENABLE KEYS */;
UNLOCK TABLES;

--
-- Table structure for table `place`
--

DROP TABLE IF EXISTS `place`;
/*!40101 SET @saved_cs_client     = @@character_set_client */;
/*!50503 SET character_set_client = utf8mb4 */;
CREATE TABLE `place` (
  `id_place` int NOT NULL AUTO_INCREMENT,
  `id_town` int DEFAULT NULL,
  `place_discription` varchar(45) DEFAULT NULL,
  `place_status` tinyint DEFAULT NULL,
  PRIMARY KEY (`id_place`),
  KEY `id_town_idx` (`id_town`),
  CONSTRAINT `id_town` FOREIGN KEY (`id_town`) REFERENCES `towns` (`id_town`) ON DELETE CASCADE ON UPDATE CASCADE
) ENGINE=InnoDB AUTO_INCREMENT=35 DEFAULT CHARSET=utf8mb4 COLLATE=utf8mb4_0900_ai_ci;
/*!40101 SET character_set_client = @saved_cs_client */;

--
-- Dumping data for table `place`
--

LOCK TABLES `place` WRITE;
/*!40000 ALTER TABLE `place` DISABLE KEYS */;
INSERT INTO `place` VALUES (1,1,'1',1),(2,1,'1',1),(3,1,'1',1),(4,2,'2',1),(5,3,'2',1),(6,1,'2',1),(7,5,'2',1),(8,4,'3',1),(9,2,'3',1),(10,7,'3',1),(11,4,'4',1),(12,4,'4',1),(13,4,'4',1),(14,5,'4',1),(15,5,'5',1),(16,5,'5',1),(17,1,'6',1),(18,1,'6',1),(19,1,'7',1),(20,7,'7',1),(21,2,'7',1),(22,1,'7',1),(23,1,'7',1),(24,1,'8',1),(25,2,'8',1),(26,1,'8',1),(27,1,'8',1),(28,1,'8',1),(29,1,'9',1),(30,1,'9',1),(31,1,'9',1),(32,1,'9',1),(33,1,'9',1),(34,2,'9',2);
/*!40000 ALTER TABLE `place` ENABLE KEYS */;
UNLOCK TABLES;

--
-- Table structure for table `positions`
--

DROP TABLE IF EXISTS `positions`;
/*!40101 SET @saved_cs_client     = @@character_set_client */;
/*!50503 SET character_set_client = utf8mb4 */;
CREATE TABLE `positions` (
  `id_position` int NOT NULL,
  `name_of_position` varchar(45) DEFAULT NULL,
  `position_status` tinyint DEFAULT NULL,
  PRIMARY KEY (`id_position`)
) ENGINE=InnoDB DEFAULT CHARSET=utf8mb4 COLLATE=utf8mb4_0900_ai_ci;
/*!40101 SET character_set_client = @saved_cs_client */;

--
-- Dumping data for table `positions`
--

LOCK TABLES `positions` WRITE;
/*!40000 ALTER TABLE `positions` DISABLE KEYS */;
INSERT INTO `positions` VALUES (1,'бригадир',1),(2,'армировщик',1);
/*!40000 ALTER TABLE `positions` ENABLE KEYS */;
UNLOCK TABLES;

--
-- Table structure for table `roles`
--

DROP TABLE IF EXISTS `roles`;
/*!40101 SET @saved_cs_client     = @@character_set_client */;
/*!50503 SET character_set_client = utf8mb4 */;
CREATE TABLE `roles` (
  `id_role` int NOT NULL,
  `name_of_role` varchar(45) DEFAULT NULL,
  `roles_status` tinyint DEFAULT NULL,
  PRIMARY KEY (`id_role`)
) ENGINE=InnoDB DEFAULT CHARSET=utf8mb4 COLLATE=utf8mb4_0900_ai_ci;
/*!40101 SET character_set_client = @saved_cs_client */;

--
-- Dumping data for table `roles`
--

LOCK TABLES `roles` WRITE;
/*!40000 ALTER TABLE `roles` DISABLE KEYS */;
INSERT INTO `roles` VALUES (1,'администратор',1),(2,'менеджер',0);
/*!40000 ALTER TABLE `roles` ENABLE KEYS */;
UNLOCK TABLES;

--
-- Table structure for table `streets`
--

DROP TABLE IF EXISTS `streets`;
/*!40101 SET @saved_cs_client     = @@character_set_client */;
/*!50503 SET character_set_client = utf8mb4 */;
CREATE TABLE `streets` (
  `id_street` int NOT NULL,
  `name_of_street` varchar(30) NOT NULL,
  `street_status` tinyint NOT NULL,
  PRIMARY KEY (`id_street`)
) ENGINE=InnoDB DEFAULT CHARSET=utf8mb4 COLLATE=utf8mb4_0900_ai_ci;
/*!40101 SET character_set_client = @saved_cs_client */;

--
-- Dumping data for table `streets`
--

LOCK TABLES `streets` WRITE;
/*!40000 ALTER TABLE `streets` DISABLE KEYS */;
INSERT INTO `streets` VALUES (1,'1-я Рыбацкая',1),(2,'5-я Ватутинская',1),(3,'8 Марта 1-я',1),(4,'8 Марта 4-я',1),(5,'9 Мая',1),(6,'Абельмановская',1),(7,'Абрамцевская',1),(8,'Авангардная',1),(9,'Авиамоторная',1),(10,'Авиационная',1),(11,'Автозаводская',1),(12,'Автомоторная',1),(13,'Азовская',1),(14,'Алексинская',1),(15,'Алма-Атинская',1),(16,'Алтайская',1),(17,'Амурская',1),(18,'Ангарская',1),(19,'Андреево-Забелинская',1),(20,'Анненская',1),(21,'Арбатецкая',1),(22,'Аргуновская',1),(23,'Армавирская',1),(24,'Армейская',1),(25,'Артековская',1),(26,'Артельная',1),(27,'Астрадамская',1),(28,'Аэродромная',1),(29,'Аэропортовская 1-я',1),(30,'Аэрофлотская',1),(31,'Бабаевская',1),(32,'Базовая',1),(33,'Базовская',1),(34,'Байкальская',1),(35,'Бакинская',1),(36,'Бакунинская',1),(37,'Балтийская',1),(38,'Барвихинская',1),(39,'Барклая',1),(40,'Баррикадная',1),(41,'Бартеневская',1),(42,'Басовская',1),(43,'Батайская',1),(44,'Батюнинская',1),(45,'Бауманская 2-я',1),(46,'Бауманская',1),(47,'Башиловская',1),(48,'Бебеля 1-я',1),(49,'Бебеля 2-я',1),(50,'Бебеля 3-я',1),(51,'Беговая',1),(52,'Беловежская',1),(53,'Белогорская 1-я',1),(54,'Белогорская 2-я',1),(55,'Белозерская',1),(56,'Беломорская',1),(57,'Белореченская',1),(58,'Береговая',1),(59,'Бибиревская',1),(60,'Библиотечная',1),(61,'Бирюлёвская',1),(62,'Бобруйская',1),(63,'Богатырская 3-я',1),(64,'Богучарская',1),(65,'Боевская 1-я',1),(66,'Боевская 2-я',1),(67,'Бойцовая',1),(68,'Болотная',1),(69,'Болотниковская',1),(70,'Большая',1),(71,'Борисовская',1),(72,'Боровая',1),(73,'Бородинская 1-я',1),(74,'Бородинская 2-я',1),(75,'Ботаническая',1),(76,'Братеевская',1),(77,'Братиславская',1),(78,'Братская',1),(79,'Братцевская',1),(80,'Брестская 1-я',1),(81,'Брестская 2-я',1),(82,'Бронницкая',1),(83,'Брянская',1),(84,'Будайская',1),(85,'Булатниковская',1),(86,'Бурцевская',1),(87,'Бутовская',1),(88,'Бутырская',1),(89,'Бухвостова 1-я',1),(90,'Бухвостова 2-я',1),(91,'Бухвостова 3-я',1),(92,'Вагоноремонтная',1),(93,'Валаамская',1),(94,'Валовая',1),(95,'Варваринская',1),(96,'Васильевская',1),(97,'Ватутинская 4-я',1),(98,'Веерная',1),(99,'Вековая',1),(100,'Велозаводская',1),(101,'Вельяминовская',1),(102,'Венёвская',1),(103,'Вербная',1),(104,'Верейская',1),(105,'Вересковая',1),(106,'Вернисажная',1),(107,'Верхнелихоборская',1),(108,'Верхняя',1),(109,'Верхоянская',1),(110,'Весёлая',1),(111,'Весенняя',1),(112,'Ветлужская',1),(113,'Вешняковская',1),(114,'Взлётная',1),(115,'Вильнюсская',1),(116,'Вилюйская',1),(117,'Винницкая',1),(118,'Винтовая',1),(119,'Витебская',1),(120,'Вишнёвая',1),(121,'Владимирская 1-я',1),(122,'Владимирская 2-я',1),(123,'Владимирская 3-я',1),(124,'Власьевская',1),(125,'Внуковская 1-я',1),(126,'Внуковская 2-я',1),(127,'Внуковская 3-я',1),(128,'Внуковская 4-я',1),(129,'Внуковская 5-я',1),(130,'Воздушная',1),(131,'Вокзальная',1),(132,'Воловья',1),(133,'Волочаевская',1),(134,'Волынская',1),(135,'Вольная',1),(136,'Вольская 1-я',1),(137,'Вольская 2-я',1),(138,'Воронежская',1),(139,'Воронцовская',1),(140,'Воротынская',1),(141,'Воскресенская',1),(142,'Восточная',1),(143,'Выборгская',1),(144,'Высокая',1),(145,'Вяземская',1),(146,'Вятская',1),(147,'Газгольдерная',1),(148,'Гаражная',1),(149,'Гатчинская',1),(150,'Гвардейская',1),(151,'Гжатская',1),(152,'Гимнастическая',1),(153,'Главная',1),(154,'Глебовская',1),(155,'Голубинская',1),(156,'Гольяновская',1),(157,'Гончарная',1),(158,'Горловская 1-я',1),(159,'Горловская 2-я',1),(160,'Городецкая',1),(161,'Городская',1),(162,'Госпитальная',1),(163,'Гостиничная',1),(164,'Гражданская 1-я',1),(165,'Гражданская 2-я',1),(166,'Гражданская 3-я',1),(167,'Гражданская 4-я',1),(168,'Грайвороновская',1),(169,'Гродненская',1),(170,'Гусарская',1),(171,'Давыдковская',1),(172,'Дальняя',1),(173,'Дачная',1),(174,'Двинская',1),(175,'Дегунинская',1),(176,'Делегатская',1),(177,'Деловая',1),(178,'Деповская',1),(179,'Дербеневская',1),(180,'Десантная',1),(181,'Детская',1),(182,'Джамгаровская',1),(183,'Джанкойская',1),(184,'Дивизионная',1),(185,'Динамовская',1),(186,'Днепропетровская',1),(187,'Добровольческая',1),(188,'Доброслободская',1),(189,'Долгопрудная',1),(190,'Долгоруковская',1),(191,'Дольская',1),(192,'Домодедовская',1),(193,'Домостроительная',1),(194,'Донбасская',1),(195,'Донецкая',1),(196,'Донская',1),(197,'Дорогобужская',1),(198,'Дорожная',1),(199,'Дружинниковская',1),(200,'Дубининская',1),(201,'Дубнинская',1),(202,'Дубосековская',1),(203,'Дубравная',1),(204,'Дубровская 1-я',1),(205,'Дубровская 2-я',1),(206,'Дуговая',1),(207,'Дунайская',1),(208,'Душинская',1),(209,'Дьяково Городище 1-я',1),(210,'Дьяково Городище 2-я',1),(211,'Егерская',1),(212,'Егорьевская',1),(213,'Ейская',1),(214,'Елецкая',1),(215,'Ельнинская',1),(216,'Енисейская',1),(217,'Ереванская',1),(218,'Железногорская 1-я',1),(219,'Железногорская 2-я',1),(220,'Железногорская 3-я',1),(221,'Железногорская 4-я',1),(222,'Железногорская 5-я',1),(223,'Железногорская 6-я',1),(224,'Железнодорожная',1),(225,'Живописная',1),(226,'Жигулёвская',1),(227,'Житная',1),(228,'Житомирская',1),(229,'Жулебинская',1),(230,'Заветная',1),(231,'Загорьевская',1),(232,'Заозёрная',1),(233,'Западная',1),(234,'Заповедная',1),(235,'Запорожская',1),(236,'Зарайская',1),(237,'Заречная',1),(238,'Затонная',1),(239,'Захарковская 1-я',1),(240,'Захарковская 3-я',1),(241,'Захарьинская',1),(242,'Звенигородская 2-я',1),(243,'Звенигородская',1),(244,'Зверинецкая',1),(245,'Зеленоградская',1),(246,'Зеленодольская',1),(247,'Златоустовская',1),(248,'Знаменская',1),(249,'Золотая',1),(250,'Золоторожская',1),(251,'Зональная',1),(252,'Зоологическая',1),(253,'Зубовская',1),(254,'Зюзинская',1),(255,'Ивановская',1),(256,'Ивантеевская',1),(257,'Ивовая',1),(258,'Игральная',1),(259,'Иерусалимская',1),(260,'Ижорская',1),(261,'Изваринская',1),(262,'Измайловская',1),(263,'Измайловского Зверинца 1-я',1),(264,'Измайловского Зверинца 2-я',1),(265,'Изумрудная',1),(266,'Изюмская',1),(267,'Икшинская',1),(268,'Илимская',1),(269,'Иловайская',1),(270,'Инженерная',1),(271,'Инициативная',1),(272,'Институтская 1-я',1),(273,'Институтская 2-я',1),(274,'Институтская 3-я',1),(275,'Интернациональная',1),(276,'Ионинская',1),(277,'Ипатовка Новая',1),(278,'Иркутская',1),(279,'Истринская',1),(280,'Кабельная 1-я',1),(281,'Кабельная 2-я',1),(282,'Кабельная 3-я',1),(283,'Кабельная 4-я',1),(284,'Кабельная 5-я',1),(285,'Каланчевская',1),(286,'Калибровская',1),(287,'Калиновая',1),(288,'Камчатская',1),(289,'Кантемировская',1),(290,'Карачаровская 1-я',1),(291,'Карачаровская 2-я',1),(292,'Карачаровская 3-я',1),(293,'Карачаровская',1),(294,'Каргопольская',1),(295,'Карпатская 1-я',1),(296,'Карпатская 2-я',1),(297,'Карьерная',1),(298,'Касимовская',1),(299,'Каскадная',1),(300,'Каспийская',1),(301,'Кастанаевская',1),(302,'Качалинская',1),(303,'Квесисская 1-я',1),(304,'Квесисская 2-я',1),(305,'Кедровая',1),(306,'Керченская',1),(307,'Кетчерская',1),(308,'Киевская',1),(309,'Кировоградская',1),(310,'Кирпичная',1),(311,'Киселевская',1),(312,'Клинская',1),(313,'Ключевая',1),(314,'Клязьминская',1),(315,'Княжеская',1),(316,'Кожевническая',1),(317,'Кожуховская 5-я',1),(318,'Кожуховская 6-я',1),(319,'Кожуховская 7-я',1),(320,'Коктебельская',1),(321,'Колодезная',1),(322,'Коломенская',1),(323,'Колпинская',1),(324,'Кольская',1),(325,'Коммунарская',1),(326,'Коммунистическая',1),(327,'Композиторская',1),(328,'Комсомольская',1),(329,'Конюшковская',1),(330,'Кооперативная',1),(331,'Коптевская',1),(332,'Корабельная',1),(333,'Коренная',1),(334,'Косинская',1),(335,'Космическая',1),(336,'Костромская',1),(337,'Котляковская',1),(338,'Красковская',1),(339,'Красноармейская',1),(340,'Краснобогатырская',1),(341,'Красногвардейская 3-я',1),(342,'Краснодарская',1),(343,'Краснодонская',1),(344,'Красноказарменная',1),(345,'Краснолиманская',1),(346,'Краснополянская',1),(347,'Краснопролетарская',1),(348,'Краснопрудная',1),(349,'Красносолнечная',1),(350,'Красноярская',1),(351,'Кременчугская',1),(352,'Криворожская',1),(353,'Крутицкая',1),(354,'Крылатская 1-я',1),(355,'Крылатская 2-я',1),(356,'Крылатская 3-я',1),(357,'Крылатская',1),(358,'Крюковская',1),(359,'Кубанская',1),(360,'Кузнецовская',1),(361,'Кузьминская',1),(362,'Куликовская',1),(363,'Кунцевская',1),(364,'Курганская',1),(365,'Курская',1),(366,'Курьяновская 1-я',1),(367,'Курьяновская 2-я',1),(368,'Курьяновская 3-я',1),(369,'Курьяновская 4-я',1),(370,'Курьяновская 5-я',1),(371,'Кусковская',1),(372,'Кустанайская',1),(373,'Кустарная',1),(374,'Ладожская',1),(375,'Лазенки 1-я',1),(376,'Лазенки 2-я',1),(377,'Лазенки 3-я',1),(378,'Лазенки 4-я',1),(379,'Лазенки 5-я',1),(380,'Лазенки 6-я',1),(381,'Лазенки 7-я',1),(382,'Ландышевая',1),(383,'Лебедянская',1),(384,'Левобережная',1),(385,'Лениногорская',1),(386,'Ленская',1),(387,'Леонова 1-я',1),(388,'Лермонтовская',1),(389,'Лесная',1),(390,'Леснорядская 2-я',1),(391,'Леснорядская',1),(392,'Лётная',1),(393,'Летниковская',1),(394,'Летняя',1),(395,'Лечебная',1),(396,'Ливенская',1),(397,'Липецкая',1),(398,'Лисичанская',1),(399,'Листопадная',1),(400,'Лобненская',1),(401,'Ловатская',1),(402,'Лодочная',1),(403,'Лонгиновская',1),(404,'Лосевская',1),(405,'Лосиноостровская',1),(406,'Луганская',1),(407,'Луговая',1),(408,'Лужская',1),(409,'Лукино 1-я',1),(410,'Лукино 2-я',1),(411,'Лукинская',1),(412,'Лухмановская',1),(413,'Луховицкая',1),(414,'Лыковская 1-я',1),(415,'Лыковская 2-я',1),(416,'Лыковская 3-я',1),(417,'Лыткаринская',1),(418,'Люблинская',1),(419,'Люсиновская',1),(420,'Магаданская',1),(421,'Магистральная 1-я',1),(422,'Магистральная 2-я',1),(423,'Магистральная 3-я',1),(424,'Магистральная 4-я',1),(425,'Магистральная 5-я',1),(426,'Магнитогорская',1),(427,'Мазиловская',1),(428,'Майская',1),(429,'Макеевская',1),(430,'Малахитовая',1),(431,'Маленковская',1),(432,'Маломосковская',1),(433,'Манежная',1),(434,'Мантулинская',1),(435,'Мариупольская',1),(436,'Марксистская',1),(437,'Мартеновская',1),(438,'Марьиной Рощи 2-я',1),(439,'Марьиной Рощи 3-я',1),(440,'Марьиной Рощи 4-я',1),(441,'Мастеровая',1),(442,'Матвеевская',1),(443,'Машиностроения 1-я',1),(444,'Машиностроения 2-я',1),(445,'Медынская',1),(446,'Международная',1),(447,'Мелитопольская 1-я',1),(448,'Мелитопольская 2-я',1),(449,'Мелитопольская',1),(450,'Мелиховская',1),(451,'Мелькисаровская',1),(452,'Менделеевская',1),(453,'Мещанская',1),(454,'Миклухо-Маклая',1),(455,'Миллионная',1),(456,'Минская',1),(457,'Минусинская',1),(458,'Миргородская',1),(459,'Мироновская',1),(460,'Митинская',1),(461,'Миусская 1-я',1),(462,'Миусская 2-я',1),(463,'Михалковская',1),(464,'Михневская',1),(465,'Молдавская',1),(466,'Молжаниновская',1),(467,'Молодёжная',1),(468,'Молодогвардейская',1),(469,'Монтажная',1),(470,'Моравская',1),(471,'Моршанская',1),(472,'Москворецкая',1),(473,'Московская',1),(474,'Мосфильмовская',1),(475,'Моторная',1),(476,'Моховая',1),(477,'Музейная 3-я',1),(478,'Муравская 1-я',1),(479,'Муравская 2-я',1),(480,'Муравская',1),(481,'Мурановская',1),(482,'Муромская',1),(483,'Мценская',1),(484,'Мытищинская 1-я',1),(485,'Мытищинская 2-я',1),(486,'Мытищинская 3-я',1),(487,'Мытная',1),(488,'Мякининская 1-я',1),(489,'Мякининская 2-я',1),(490,'Мякининская 3-я',1),(491,'Мякининская 4-я',1),(492,'Мякининская 5-я',1),(493,'Мякининская 6-я',1),(494,'Мясниковская 1-я',1),(495,'Мясниковская 2-я',1),(496,'Мясницкая',1),(497,'Нагатинская',1),(498,'Нагорная',1),(499,'Наличная',1),(500,'Напрудная 1-я',1),(501,'Напрудная 2-я',1),(502,'Нарвская',1),(503,'Наримановская',1),(504,'Наро-Фоминская',1),(505,'Народная',1),(506,'Насосная',1),(507,'Наташинская',1),(508,'Неглинная',1),(509,'Нежинская',1),(510,'Некрасовская',1),(511,'Нелидовская',1),(512,'Нижегородская',1),(513,'Нижняя',1),(514,'Никитинская',1),(515,'Николо-Хованская',1),(516,'Николоямская',1),(517,'Никольская',1),(518,'Никопольская 3-я',1),(519,'Никопольская',1),(520,'Никулинская',1),(521,'Новая',1),(522,'Новгородская',1),(523,'Новоалексеевская',1),(524,'Новобутовская',1),(525,'Нововатутинская 2-я',1),(526,'Нововатутинская 3-я',1),(527,'Нововатутинская 4-я',1),(528,'Нововатутинская 5-я',1),(529,'Нововатутинская-6-я',1),(530,'Новогиреевская',1),(531,'Новогорская',1),(532,'Новодачная',1),(533,'Новодмитровская',1),(534,'Новозаводская',1),(535,'Новокосинская',1),(536,'Новокузнецкая',1),(537,'Новокузьминская 1-я',1),(538,'Новокузьминская 12-я',1),(539,'Новокузьминская 4-я',1),(540,'Новолесная',1),(541,'Новолучанская',1),(542,'Новомарьинская',1),(543,'Новомосковская',1),(544,'Новоорловская',1),(545,'Новооскольская',1),(546,'Новоостанкинская 2-я',1),(547,'Новоостанкинская 3-я',1),(548,'Новоостаповская',1),(549,'Новопеределкинская',1),(550,'Новопесчаная',1),(551,'Новопетровская',1),(552,'Новопоселковая',1),(553,'Новорогожская',1),(554,'Новороссийская',1),(555,'Новорублевская 2-я',1),(556,'Новорублёвская',1),(557,'Новорязанская',1),(558,'Новосёлки 1-я',1),(559,'Новосёлки 2-я',1),(560,'Новосёлки 3-я',1),(561,'Новосёлки 4-я',1),(562,'Новосибирская',1),(563,'Новослободская',1),(564,'Новосущёвская',1),(565,'Новотихвинская',1),(566,'Новотушинская',1),(567,'Новоухтомская',1),(568,'Новохохловская',1),(569,'Новочерёмушкинская',1),(570,'Новощукинская',1),(571,'Новые Сады 1-я',1),(572,'Новые Сады 2-я',1),(573,'Новые Сады 3-я',1),(574,'Новые Сады 4-я',1),(575,'Новые Сады 5-я',1),(576,'Новые Сады 6-я',1),(577,'Новые Сады 7-я',1),(578,'Норильская',1),(579,'Облепиховая',1),(580,'Оборонная',1),(581,'Одесская',1),(582,'Одинцовская',1),(583,'Озёрная',1),(584,'Окружная',1),(585,'Окская',1),(586,'Октябрьская',1),(587,'Олонецкая',1),(588,'Ольховская',1),(589,'Омская',1),(590,'Онежская',1),(591,'Оранжерейная',1),(592,'Оренбургская',1),(593,'Оршанская',1),(594,'Осенняя',1),(595,'Останкинская 1-я',1),(596,'Останкинская 2-я',1),(597,'Остафьевская',1),(598,'Осташковская',1),(599,'Островная',1),(600,'Отрадная',1),(601,'Офицерская',1),(602,'Охотничья',1),(603,'Охтинская',1),(604,'Очаковская',1),(605,'Павловская',1),(606,'Павлоградская 1-я',1),(607,'Павлоградская 2-я',1),(608,'Павлоградская 3-я',1),(609,'Павлоградская 4-я',1),(610,'Палехская',1),(611,'Палисадная',1),(612,'Пантелеевская',1),(613,'Парковая 1-я',1),(614,'Парковая 10-я',1),(615,'Парковая 11-я',1),(616,'Парковая 12-я',1),(617,'Парковая 13-я',1),(618,'Парковая 14-я',1),(619,'Парковая 15-я',1),(620,'Парковая 16-я',1),(621,'Парковая 2-я',1),(622,'Парковая 3-я',1),(623,'Парковая 4-я',1),(624,'Парковая 5-я',1),(625,'Парковая 6-я',1),(626,'Парковая 7-я',1),(627,'Парковая 8-я',1),(628,'Парковая 9-я',1),(629,'Парковая',1),(630,'Паромная',1),(631,'Партизанская',1),(632,'Пасечная',1),(633,'Педагогическая',1),(634,'Пенягинская 1-я',1),(635,'Пенягинская 2-я',1),(636,'Пенягинская',1),(637,'Первомайская',1),(638,'Перекопская',1),(639,'Пермская',1),(640,'Перовская',1),(641,'Песчаная 2-я',1),(642,'Песчаная 3-я',1),(643,'Песчаная',1),(644,'Петрозаводская',1),(645,'Пехорская',1),(646,'Пехотная',1),(647,'Печорская',1),(648,'Пилотская',1),(649,'Писцовая',1),(650,'Планерная',1),(651,'Платовская',1),(652,'Плотинная',1),(653,'Поварская',1),(654,'Погодинская',1),(655,'Подмосковная',1),(656,'Подольская',1),(657,'Подрезковская 1-я',1),(658,'Подрезковская 2-я',1),(659,'Подрезковская 3-я',1),(660,'Подъёмная',1),(661,'Поклонная',1),(662,'Покровская 2-я',1),(663,'Покровская',1),(664,'Полевая',1),(665,'Полимерная',1),(666,'Полковая',1),(667,'Полоцкая',1),(668,'Полтавская',1),(669,'Полярная',1),(670,'Поморская',1),(671,'Попутная',1),(672,'Поречная',1),(673,'Поселковая',1),(674,'Потешная',1),(675,'Правобережная',1),(676,'Преображенская',1),(677,'Привольная',1),(678,'Приозёрная',1),(679,'Приречная',1),(680,'Прогонная 1-я',1),(681,'Прогонная 2-я',1),(682,'Производственная',1),(683,'Прокатная',1),(684,'Промышленная',1),(685,'Пронская',1),(686,'Просторная',1),(687,'Профсоюзная',1),(688,'Прохладная',1),(689,'Прудовая',1),(690,'Прядильная 1-я',1),(691,'Прядильная 2-я',1),(692,'Прядильная 3-я',1),(693,'Псковская',1),(694,'Пугачевская 1-я',1),(695,'Пугачевская 2-я',1),(696,'Пулковская',1),(697,'Путейская',1),(698,'Пушечная',1),(699,'Пяловская',1),(700,'Пятницкая',1),(701,'Рабочая',1),(702,'Радарная',1),(703,'Радиальная 1-я',1),(704,'Радиальная 10-я',1),(705,'Радиальная 11-я',1),(706,'Радиальная 2-я',1),(707,'Радиальная 3-я',1),(708,'Радиальная 5-я',1),(709,'Радиальная 6-я',1),(710,'Радиальная 8-я',1),(711,'Радиальная 9-я',1),(712,'Радиаторская 1-я',1),(713,'Радиаторская 2-я',1),(714,'Радиаторская 3-я',1),(715,'Радужная',1),(716,'Раздельная',1),(717,'Рассказовская',1),(718,'Ратная',1),(719,'Рейсовая 1-я',1),(720,'Рейсовая 2-я',1),(721,'Ремесленная',1),(722,'Реутовская',1),(723,'Родионовская',1),(724,'Родниковая',1),(725,'Рождественская',1),(726,'Рославка 1-я',1),(727,'Рославка 2-я',1),(728,'Россошанская',1),(729,'Ростокинская',1),(730,'Рочдельская',1),(731,'Рощинская 2-я',1),(732,'Рощинская 3-я',1),(733,'Рубцовско-Дворцовая',1),(734,'Рузская',1),(735,'Русаковская',1),(736,'Рыбинская 1-я',1),(737,'Рыбинская 2-я',1),(738,'Рыбинская 3-я',1),(739,'Рябиновая',1),(740,'Ряжская',1),(741,'Садовая-Каретная',1),(742,'Садовая-Кудринская',1),(743,'Садовая-Самотёчная',1),(744,'Садовая-Спасская',1),(745,'Садовая-Сухаревская',1),(746,'Садовая-Триумфальная',1),(747,'Садовая-Черногрязская',1),(748,'Садовническая',1),(749,'Садово-Крестьянская',1),(750,'Салтыковская',1),(751,'Самаринская 2-я',1),(752,'Самаринская',1),(753,'Самарская',1),(754,'Самокатная',1),(755,'Самотёчная',1),(756,'Саранская',1),(757,'Саратовская',1),(758,'Сафоновская',1),(759,'Сахалинская',1),(760,'Саянская',1),(761,'Светлая',1),(762,'Святоозерская',1),(763,'Севанская',1),(764,'Северодвинская',1),(765,'Северодонецкая 1-я',1),(766,'Северодонецкая 2-я',1),(767,'Селезневская',1),(768,'Селигерская',1),(769,'Сельскохозяйственная',1),(770,'Сенежская',1),(771,'Сержантская',1),(772,'Сеславинская',1),(773,'Сестрорецкая 1-я',1),(774,'Сестрорецкая 2-я',1),(775,'Сестрорецкая 3-я',1),(776,'Сибиряковская',1),(777,'Сивашская',1),(778,'Синельниковская',1),(779,'Синичкина 1-я',1),(780,'Синичкина 2-я',1),(781,'Синявинская',1),(782,'Скаковая',1),(783,'Складочная',1),(784,'Скобелевская',1),(785,'Скотопрогонная',1),(786,'Смирновская',1),(787,'Смоленская',1),(788,'Смольная',1),(789,'Снайперская',1),(790,'Снежная',1),(791,'Советская',1),(792,'Совхозная',1),(793,'Соколиной Горы 10-я',1),(794,'Соколиной Горы 3-я',1),(795,'Соколиной Горы 5-я',1),(796,'Соколиной Горы 8-я',1),(797,'Соколиной Горы 9-я',1),(798,'Соколово-Мещерская',1),(799,'Сокольническая 1-я',1),(800,'Сокольническая 2-я',1),(801,'Сокольническая 3-я',1),(802,'Сокольническая 4-я',1),(803,'Сокольническая 5-я',1),(804,'Солдатская',1),(805,'Солнечная',1),(806,'Солнечногорская',1),(807,'Сормовская',1),(808,'Сосинская',1),(809,'Сосновая',1),(810,'Сочинская',1),(811,'Спартаковская',1),(812,'Спортивная',1),(813,'Ставропольская',1),(814,'Стандартная',1),(815,'Станционная',1),(816,'Староалексеевская',1),(817,'Старобалаклавская',1),(818,'Старобитцевская',1),(819,'Староволынская',1),(820,'Старогавриковская',1),(821,'Старокачаловская',1),(822,'Старокрымская',1),(823,'Старолучанская',1),(824,'Старонародная',1),(825,'Староникольская',1),(826,'Старообрядческая',1),(827,'Староорловская',1),(828,'Старопотаповская',1),(829,'Старослободская',1),(830,'Староспасская',1),(831,'Старофилинская',1),(832,'Стартовая',1),(833,'Стахановская',1),(834,'Стекольная 1-я',1),(835,'Сторожевая',1),(836,'Страховская',1),(837,'Стрелецкая',1),(838,'Стройковская',1),(839,'Студенческая',1),(840,'Ступинская',1),(841,'Суворовская',1),(842,'Судостроительная',1),(843,'Суздальская',1),(844,'Сумская',1),(845,'Сухонская',1),(846,'Сущёвская',1),(847,'Сходненская',1),(848,'Таганрогская',1),(849,'Таганская',1),(850,'Тагильская',1),(851,'Таёжная',1),(852,'Таймырская',1),(853,'Тайнинская',1),(854,'Талдомская',1),(855,'Таллинская',1),(856,'Таманская',1),(857,'Тамбовская',1),(858,'Тарусская',1),(859,'Тарутинская',1),(860,'Тарханская',1),(861,'Татарская',1),(862,'Ташкентская',1),(863,'Тверская',1),(864,'Тверская-Ямская 1-я',1),(865,'Текстильщиков 1-я',1),(866,'Текстильщиков 11-я',1),(867,'Текстильщиков 7-я',1),(868,'Текстильщиков 8-я',1),(869,'Тестовская',1),(870,'Тимирязевская',1),(871,'Тимуровская',1),(872,'Типографская',1),(873,'Тихая',1),(874,'Тихвинская',1),(875,'Ткацкая',1),(876,'Товарищеская',1),(877,'Токарная',1),(878,'Торговая',1),(879,'Трифоновская',1),(880,'Троицкая',1),(881,'Тропарёвская',1),(882,'Трубецкая',1),(883,'Трубная',1),(884,'Трудовая',1),(885,'Тупиковая',1),(886,'Туристская',1),(887,'Тучковская',1),(888,'Тушинская',1),(889,'Тюльпанная',1),(890,'Тюменская',1),(891,'Угличская',1),(892,'Угрешская',1),(893,'Удмуртская',1),(894,'10-летия Октября',1),(895,'1812 года',1),(896,'1905 года',1),(897,'26-ти Бакинских Комиссаров',1),(898,'50 лет Октября',1),(899,'8 Марта',1),(900,'800-летия Москвы',1),(901,'Авиаконструктора Микояна',1),(902,'Авиаконструктора Миля',1),(903,'Авиаконструктора Петлякова',1),(904,'Авиаконструктора Сухого',1),(905,'Авиаконструктора Яковлева',1),(906,'Авиаторов',1),(909,'Адмирала Лазарева',1),(910,'Адмирала Макарова',1),(911,'Адмирала Руднева',1),(912,'Айвазовского',1),(913,'Академика Александрова',1),(914,'Академика Анохина',1),(915,'Академика Арцимовича',1),(916,'Академика Бакулева',1),(917,'Академика Бармина',1),(918,'Академика Бочвара',1),(919,'Академика Варги',1),(920,'Академика Векшинского',1),(921,'Академика Виноградова',1),(922,'Академика Волгина',1),(923,'Академика Глушко',1),(924,'Академика Зелинского',1),(925,'Академика Зельдовича',1),(926,'Академика Ильюшина',1),(927,'Академика Капицы',1),(928,'Академика Комарова',1),(929,'Академика Королева',1),(930,'Академика Курчатова',1),(931,'Академика Ласкорина',1),(932,'Академика Лисицына',1),(933,'Академика Миллионщикова',1),(934,'Академика Несмеянова',1),(935,'Академика Опарина',1),(936,'Академика Павлова',1),(937,'Академика Петровского',1),(938,'Академика Пилюгина',1),(939,'Академика Полякова',1),(940,'Академика Понтрягина',1),(941,'Академика Самарского',1),(942,'Академика Семёнова',1),(943,'Академика Скрябина',1),(944,'Академика Флёрова',1),(945,'Академика Хохлова',1),(946,'Академика Христиановича',1),(947,'Академика Челомея',1),(948,'Академика Янгеля',1),(949,'Академическая Б.',1),(950,'Алабяна',1),(951,'Александра Богомазова',1),(952,'Александра Гомельского',1),(953,'Александра Лукьянова',1),(954,'Александра Невского',1),(955,'Александра Солженицына',1),(956,'Алексеевский Пост',1),(957,'Алексея Дикого',1),(958,'Алексея Свиридова',1),(959,'Алешинская Долина',1),(960,'Алымова',1),(961,'Алябьева',1),(962,'Амундсена',1),(963,'Анатолия Живова',1),(964,'Андерсена',1),(965,'Андрея Карлова',1),(966,'Андроньевская Б.',1),(967,'Андроньевская М.',1),(968,'Анны Ахматовой',1),(969,'Анны Воиновой',1),(970,'Анны Северьяновой',1),(971,'Аносова',1),(972,'Антонова-Овсеенко',1),(973,'Анучина',1),(974,'Арбат',1),(975,'Арсюкова',1),(976,'Артамонова',1),(977,'Артюхиной',1),(978,'Архитектора Белопольского',1),(979,'Архитектора Власова',1),(980,'Архитектора Гинзбурга',1),(981,'Архитектора Голосова',1),(982,'Архитектора Леонидова',1),(983,'Архитектора Мельникова',1),(984,'Архитектора Рочегова',1),(985,'Архитектора Щусева',1),(986,'Асеева',1),(987,'Атарбекова',1),(988,'Багрицкого',1),(989,'Баженова',1),(990,'Бажова',1),(991,'Байдукова',1),(992,'Балчуг',1),(993,'Барболина',1),(994,'Бардина',1),(995,'Барышиха',1),(996,'Басманная Нов.',1),(997,'Басманная Стар.',1),(998,'Бахрушина',1),(999,'Башиловка Н.',1),(1000,'Бегичева',1),(1001,'Белякова',1),(1002,'Берзарина',1),(1003,'Бестужевых',1),(1004,'Бехтерева',1),(1005,'Бирюсинка',1),(1006,'Благуша',1),(1007,'Богаевского',1),(1008,'Богатырский Мост',1),(1009,'Богданова',1),(1010,'Богородский Вал',1),(1011,'Боженко',1),(1012,'Бойчука',1),(1013,'Бориса Галушкина',1),(1014,'Бориса Жигулёнкова',1),(1015,'Бориса Пастернака',1),(1016,'Бориса Петровского',1),(1017,'Борисовские Пруды',1),(1018,'Ботаническая М.',1),(1019,'Бочкова',1),(1020,'Братеевская Слободка',1),(1021,'Братьев Рябушинских',1),(1022,'Братьев Фонченко',1),(1023,'Бронная Б.',1),(1024,'Бронная М.',1),(1025,'Брусилова',1),(1026,'Брюллова',1),(1027,'Брянский Пост',1),(1028,'Буженинова',1),(1029,'Буракова',1),(1030,'Бурденко',1),(1031,'Бусиновская Горка',1),(1032,'Бутлерова',1),(1033,'Бутовская Б.',1),(1034,'Бутырский Вал',1),(1035,'Вавилова',1),(1036,'Валентины Леонтьевой',1),(1037,'Варварка',1),(1038,'Варвары Степановой',1),(1039,'Василисы Кожиной',1),(1040,'Василия Ботылёва',1),(1041,'Василия Петушкова',1),(1042,'Васильцовский Стан',1),(1043,'Ватутина',1),(1044,'Введенского',1),(1045,'Венецианова',1),(1046,'Вересаева',1),(1047,'Верещагина',1),(1048,'Верземнека',1),(1049,'Вертолётчиков',1),(1050,'Верхние Поля',1),(1051,'Веры Волошиной',1),(1052,'Веткина',1),(1053,'Вешних Вод',1),(1054,'Викторенко',1),(1055,'Вилиса Лациса',1),(1056,'Вильгельма Пика',1),(1057,'Винокурова',1),(1058,'Внуковская Б.',1),(1059,'Водников',1),(1060,'Водопьянова',1),(1061,'Воейкова',1),(1062,'Воздвиженка',1),(1063,'Войкова',1),(1064,'Волхонка',1),(1065,'Воробьевы Горы',1),(1066,'Воронцово Поле',1),(1067,'Воронцовские Пруды',1),(1068,'Вострухина',1),(1069,'Врубеля',1),(1070,'Всеволода Вишневского',1),(1071,'Вучетича',1),(1072,'Высоцкого',1),(1073,'Габричевского',1),(1074,'Гаврикова',1),(1075,'Гагарина',1),(1076,'Газопровод',1),(1077,'Галины Вишневской',1),(1078,'Гамалеи',1),(1079,'Гарибальди',1),(1080,'Гастелло',1),(1081,'Гашека',1),(1082,'Гвоздева',1),(1083,'Генерала Антонова',1),(1084,'Генерала Артемьева',1),(1085,'Генерала Белобородова',1),(1086,'Генерала Белова',1),(1087,'Генерала Глаголева',1),(1088,'Генерала Дорохова',1),(1089,'Генерала Ермолова',1),(1090,'Генерала Ивашутина',1),(1091,'Генерала Колесника',1),(1092,'Генерала Кузнецова',1),(1093,'Генерала Максимчука',1),(1094,'Генерала Милорадовича',1),(1095,'Генерала Рычагова',1),(1096,'Генерала Сандалова',1),(1097,'Генерала Трошева',1),(1098,'Генерала Тюленева',1),(1099,'Генерала Яковлева',1),(1100,'Герасима Курина',1),(1101,'Героев Панфиловцев',1),(1102,'Героя России Чернышева',1),(1103,'Гиляровского',1),(1104,'Главмосстроя',1),(1105,'Говорова',1),(1106,'Годовикова',1),(1107,'Головачёва',1),(1108,'Гончарова',1),(1109,'Горбунова',1),(1110,'Городянка',1),(1111,'Горчакова',1),(1112,'Госпитальный Вал',1),(1113,'Грекова',1),(1114,'Гризодубовой',1),(1115,'Гримау',1),(1116,'Грина',1),(1117,'Гришина',1),(1118,'Громова',1),(1119,'Грузинская Б.',1),(1120,'Грузинская М.',1),(1121,'Грузинский Вал',1),(1122,'Губкина',1),(1123,'Гурьянова',1),(1124,'Даниловский Вал',1),(1125,'Двинцев',1),(1126,'Дворникова',1),(1127,'Девятая Рота',1),(1128,'Декабристов',1),(1129,'Декабрьская Б.',1),(1130,'Демьяна Бедного',1),(1131,'Дениса Давыдова',1),(1132,'Дмитриевского',1),(1133,'Дмитрия Кабалевского',1),(1134,'Дмитрия Разумовского',1),(1135,'Дмитрия Рябинкина',1),(1136,'Дмитрия Ульянова',1),(1137,'Дмитровка Б.',1),(1138,'Дмитровка М.',1),(1139,'Добролюбова',1),(1140,'Доватора',1),(1141,'Довженко',1),(1142,'Доктора Гааза',1),(1143,'Докукина',1),(1144,'Долгова',1),(1145,'Дорогомиловская Б.',1),(1146,'Дорогомиловская М.',1),(1147,'Доронина',1),(1148,'Достижения',1),(1149,'Достоевского',1),(1150,'Дружбы',1),(1151,'Дубки',1),(1152,'Дубовой Рощи',1),(1153,'Дудинка',1),(1154,'Дунаевского',1),(1155,'Дурова',1),(1156,'Дыбенко',1),(1157,'Евгения Родионова',1),(1158,'Егора Абакумова',1),(1159,'Екатерининская Б.',1),(1160,'Екатерининская М.',1),(1162,'Екатериновка',1),(1163,'Екатерины Будановой',1),(1164,'Еланского',1),(1165,'Ермакова Роща',1),(1166,'Ефремова',1),(1167,'Жебрунова',1),(1168,'Жужа',1),(1169,'Жуковского',1),(1170,'Забелина',1),(1171,'Заболотье',1),(1172,'Заморёнова',1),(1173,'Заречье',1),(1174,'Зарянова',1),(1175,'Захарьинские Дворики',1),(1176,'Зацепа',1),(1177,'Зацепский Вал',1),(1178,'Земляной Вал',1),(1179,'Зенитчиков',1),(1180,'Зименковская (п Сосенское)',1),(1181,'Знаменка',1),(1182,'Знаменские Садки',1),(1183,'Зои Воскресенской',1),(1185,'Золоторожский Вал',1),(1186,'Зорге',1),(1187,'Ибрагимова',1),(1188,'Ивана Бабушкина',1),(1189,'Ивана Сусанина',1),(1190,'Ивана Франко',1),(1191,'Игоря Численко',1),(1192,'Измайловский Вал',1),(1193,'Ильи Чашника',1),(1194,'Ильинка',1),(1195,'Ильинский Пос.',1),(1196,'Инессы Арманд',1),(1197,'Ирины Левченко',1),(1198,'Исаковского',1),(1199,'Искры',1),(1200,'Кадырова',1),(1201,'Казакова',1),(1202,'Калитниковская Б.',1),(1203,'Калитниковская М.',1),(1204,'Калитниковская Ср.',1),(1205,'Калужская М.',1),(1206,'Калужское шоссе 22-й км',1),(1207,'Каманина',1),(1208,'Каменщики Б.',1),(1209,'Каменщики М.',1),(1210,'Камова',1),(1211,'Кандинского',1),(1212,'Канторовича',1),(1213,'Капотня',1),(1214,'Каретный Ряд',1),(1215,'Карьер',1),(1216,'Касаткина',1),(1217,'Каховка',1),(1218,'Кашёнкин Луг',1),(1219,'Кедрова',1),(1220,'Кибальчича',1),(1221,'Киплинга',1),(1222,'Кипренского',1),(1223,'Кирпичные Выемки',1),(1224,'Клары Цеткин',1),(1225,'Климашкина',1),(1226,'Клочкова',1),(1227,'Княжнина',1),(1228,'Кожевнический Вражек',1),(1229,'Козлова',1),(1230,'Коккинаки',1),(1231,'Колесовой Елены',1),(1232,'Колмогорова',1),(1233,'Колобашкина',1),(1234,'Колобенка',1),(1235,'Коломникова',1),(1236,'Комдива Орлова',1),(1237,'Коминтерна',1),(1238,'Коммунистическая М.',1),(1239,'Кондратюка',1),(1240,'Конёнкова',1),(1241,'Коновалова',1),(1242,'Константина Симонова',1),(1243,'Константина Федина',1),(1244,'Константина Царёва',1),(1245,'Константинова',1),(1246,'Корнейчука',1),(1247,'Корнея Чуковского',1),(1248,'Коровий Вал',1),(1249,'Короленко',1),(1250,'Косинская Б.',1),(1251,'Космонавта Волкова',1),(1252,'Космонавтов',1),(1253,'Костикова',1),(1254,'Костякова',1),(1255,'Косыгина',1),(1256,'Коцюбинского',1),(1257,'Кошкина',1),(1258,'Коштоянца',1),(1259,'Кравченко',1),(1260,'Крамского',1),(1261,'Красина',1),(1262,'Красная Пресня',1),(1263,'Красная Сосна',1),(1264,'Красного Маяка',1),(1265,'Красносельская Верхн.',1),(1266,'Красносельская М.',1),(1267,'Красносельская Нижн.',1),(1268,'Краснохолмская Нижн.',1),(1269,'Красный Казанец',1),(1270,'Красный Луг',1),(1271,'Красных Зорь',1),(1272,'Кремль',1),(1273,'Кренкеля',1),(1274,'Кржижановского',1),(1275,'Крупской',1),(1276,'Крутицкий Вал',1),(1277,'Крылатские Холмы',1),(1278,'Крымский Вал',1),(1279,'Кубинка',1),(1280,'Кузнецкий Мост',1),(1281,'Кузнецова',1),(1282,'Кулакова',1),(1283,'Кульнева',1),(1284,'Кустодиева',1),(1285,'Кутузова',1),(1286,'Куусинена',1),(1287,'Кухмистерова',1),(1288,'Лавочкина',1),(1289,'Лавриненко',1),(1290,'Лазо',1),(1291,'Лапина',1),(1292,'Ларионова',1),(1293,'Лебедева',1),(1294,'Леваневского',1),(1295,'Левитана',1),(1296,'Ленивка',1),(1297,'Ленинская Слобода',1),(1298,'Ленинские Горы',1),(1299,'Лентулова',1),(1300,'Леси Украинки',1),(1301,'Лескова',1),(1302,'Лестева',1),(1303,'Лётчика Бабушкина',1),(1304,'Летчика Грицевца',1),(1305,'Лётчика Павлова',1),(1306,'Лётчика Спирина',1),(1307,'Летчика Ульянина',1),(1308,'Лефортовский Вал',1),(1309,'Лизы Чайкиной',1),(1311,'Липчанского',1),(1312,'Лисицкого',1),(1313,'Литвина-Седого',1),(1314,'Лихоборские Бугры',1),(1315,'Лобанова',1),(1316,'Лобачевского',1),(1317,'Лобачика',1),(1318,'Лубянка Б.',1),(1319,'Лубянка М.',1),(1320,'Лужники',1),(1321,'Луиджи Лонго',1),(1322,'Льва Толстого',1),(1323,'Льва Юдина',1),(1324,'Льва Яшина',1),(1325,'Львова',1),(1326,'Ляпидевского',1),(1327,'Ляпунова',1),(1328,'Маёвок',1),(1329,'Макаренко',1),(1330,'Маковского',1),(1331,'Максимова',1),(1332,'Малыгина',1),(1333,'Малышева',1),(1334,'Маргелова',1),(1335,'Маресьева',1),(1336,'Марии Поливановой',1),(1337,'Марии Ульяновой',1),(1338,'Маросейка',1),(1339,'Марфинская Б.',1),(1340,'Маршала Баграмяна',1),(1341,'Маршала Бирюзова',1),(1342,'Маршала Василевского',1),(1343,'Маршала Вершинина',1),(1344,'Маршала Воробьёва',1),(1345,'Маршала Голованова',1),(1346,'Маршала Ерёменко',1),(1347,'Маршала Захарова',1),(1348,'Маршала Катукова',1),(1349,'Маршала Кожедуба',1),(1350,'Маршала Конева',1),(1351,'Маршала Кутахова',1),(1352,'Маршала Малиновского',1),(1353,'Маршала Мерецкова',1),(1354,'Маршала Неделина',1),(1355,'Маршала Новикова',1),(1356,'Маршала Полубоярова',1),(1357,'Маршала Прошлякова',1),(1358,'Маршала Рыбалко',1),(1359,'Маршала Савицкого',1),(1360,'Маршала Сергеева',1),(1361,'Маршала Соколовского',1),(1362,'Маршала Судца',1),(1363,'Маршала Тимошенко',1),(1364,'Маршала Тухачевского',1),(1365,'Маршала Федоренко',1),(1366,'Маршала Чуйкова',1),(1367,'Маршала Шапошникова',1),(1368,'Маршала Шестопалова',1),(1369,'Марьинская Б.',1),(1370,'Масловка В.',1),(1371,'Масловка Н.',1),(1372,'Мастеркова',1),(1373,'Матросова',1),(1374,'Матросская Тишина',1),(1375,'Матушкина',1),(1376,'Маши Порываевой',1),(1377,'Машкова',1),(1378,'Маяковского',1),(1379,'Медведева',1),(1380,'Медиков',1),(1381,'Мельникова',1),(1382,'Менжинского',1),(1383,'Мерянка',1),(1384,'Металлургов',1),(1385,'Мещерякова',1),(1386,'Милашенкова',1),(1387,'Мира',1),(1388,'Михаила Грешилова',1),(1389,'Михаила Кондакова',1),(1390,'Михаила Певцова',1),(1391,'Михаила Якушина',1),(1392,'Михайлова',1),(1393,'Михельсона',1),(1394,'Мичурина',1),(1396,'Мишина',1),(1397,'Мнёвники',1),(1398,'Мнёвники Нижн.',1),(1399,'Можайский Вал',1),(1400,'Молдагуловой',1),(1401,'Молодцова',1),(1402,'Молокова',1),(1403,'Молостовых',1),(1404,'Молчановка Б.',1),(1405,'Молчановка М.',1),(1406,'Москворечье',1),(1407,'Мусоргского',1),(1408,'Мустая Карима',1),(1409,'Мусы Джалиля',1),(1410,'Мясищева',1),(1411,'Набережная Б.',1),(1412,'Набережная М.',1),(1413,'Намёткина',1),(1414,'Народного Ополчения',1),(1415,'Наташи Качуевской',1),(1416,'Наташи Ковшовой',1),(1417,'Неверовского',1),(1418,'Недорубова',1),(1419,'Немчинова',1),(1420,'Нерис Саломеи',1),(1421,'Нижние Поля',1),(1422,'Никитская Б.',1),(1423,'Никитская М.',1),(1424,'Николаева',1),(1425,'Николая Коперника',1),(1426,'Николая Рериха',1),(1427,'Николая Сироткина',1),(1428,'Николая Старостина',1),(1429,'Николая Химушина',1),(1430,'Новаторов',1),(1431,'Новая Заря',1),(1432,'Новинки',1),(1434,'Новодмитровская Б.',1),(1435,'Новотетёрки',1),(1436,'Новый Арбат',1),(1437,'Образцова',1),(1438,'Обручева',1),(1439,'Олеко Дундича',1),(1440,'Олений Вал',1),(1441,'Оленья Б.',1),(1442,'Оленья М.',1),(1443,'Орджоникидзе',1),(1444,'Ордынка Б.',1),(1445,'Ордынка М.',1),(1446,'Осипенко',1),(1447,'Остоженка',1),(1448,'Островитянова',1),(1449,'Остроумовская Б.',1),(1450,'Остроумовская М.',1),(1451,'Острякова',1),(1452,'Охотный Ряд',1),(1453,'Очаковская Б.',1),(1454,'Очаковская М.',1),(1455,'Павла Андреева',1),(1456,'Павла Корчагина',1),(1457,'Павлика Морозова',1),(1458,'Палиха',1),(1459,'Панфёрова',1),(1460,'Панфилова',1),(1461,'Папанина',1),(1462,'Паперника',1),(1463,'Паршина',1),(1464,'Паустовского',1),(1465,'Первомайская Верхн.',1),(1466,'Первомайская Нижн.',1),(1467,'Первомайская Ср.',1),(1468,'Переведеновская Нов.',1),(1469,'Перерва',1),(1470,'Переяславская Б.',1),(1471,'Переяславская М.',1),(1472,'Переяславская Ср.',1),(1473,'Пестеля',1),(1474,'Песчаный Карьер',1),(1475,'Петра Алексеева',1),(1476,'Петра Кончаловского',1),(1477,'Петра Романова',1),(1478,'Петровка',1),(1479,'Петровские Линии',1),(1480,'Пивченкова',1),(1481,'Пилота Нестерова',1),(1482,'Пионерская Б.',1),(1483,'Пионерская М.',1),(1484,'Пироговская Б.',1),(1485,'Пироговская М.',1),(1486,'Планетная',1),(1487,'Плеханова',1),(1488,'Плещеева',1),(1489,'Плющева',1),(1490,'Плющиха',1),(1491,'Подвойского',1),(1492,'Подольских Курсантов',1),(1493,'Покровка',1),(1494,'Покрышкина',1),(1495,'Полбина',1),(1496,'Полевая (Дер. Захарьино)',1),(1497,'Поленова',1),(1498,'Поликарпова',1),(1499,'Полины Осипенко',1),(1500,'Полосухина',1),(1501,'Полянка Б.',1),(1502,'Полянка М.',1),(1503,'Поляны',1),(1504,'Поляны (п Сосенское)',1),(1505,'Потылиха',1),(1506,'Почтовая Б.',1),(1507,'Почтовая М.',1),(1508,'Правды',1),(1509,'Прасковьина',1),(1510,'Преображенский Вал',1),(1511,'Пресненский Вал',1),(1512,'Пречистенка',1),(1513,'Пржевальского',1),(1514,'Приорова',1),(1515,'Пришвина',1),(1516,'Просвещения',1),(1517,'Проходчиков',1),(1518,'Пруд-Ключики',1),(1519,'Прямикова',1),(1520,'Прянишникова',1),(1521,'Пудовкина',1),(1522,'Пушкина',1),(1523,'Пырьева',1),(1524,'Радио',1),(1525,'Радищевская Верхн.',1),(1526,'Радищевская Ниж.',1),(1527,'Раевского',1),(1528,'Раменки',1),(1529,'Расковой',1),(1530,'Расплетина',1),(1531,'Ращупкина',1),(1532,'Ремизова',1),(1533,'Речников',1),(1534,'Римского-Корсакова',1),(1535,'Роберта Фалька',1),(1536,'Рогова',1),(1537,'Рогожский Вал',1),(1538,'Рогожский Пос.',1),(1539,'Рогожский Посёлок',1),(1540,'Родченко',1),(1541,'Рождественка',1),(1542,'Розанова',1),(1543,'Розы Люксембург',1),(1544,'Рокотова',1),(1545,'Рословка',1),(1546,'Россолимо',1),(1547,'Ротерта',1),(1548,'Руднёвка',1),(1549,'Рудневой',1),(1550,'Русинская Роща',1),(1551,'Руставели',1),(1552,'Савельева',1),(1553,'Саврасова',1),(1554,'Садовая Б.',1),(1555,'Садовая Слобода',1),(1556,'Садовники',1),(1557,'Сайкина',1),(1558,'Сальвадора Альенде',1),(1559,'Саляма Адиля',1),(1560,'Самеда Вургуна',1),(1561,'Саморы Машела',1),(1562,'Самуила Маршака',1),(1563,'Санникова',1),(1564,'Свержевского',1),(1565,'Светланова',1),(1566,'Свободы',1),(1567,'Связистов',1),(1568,'Святослава Рихтера',1),(1569,'Святослава Фёдорова',1),(1570,'Седова',1),(1571,'Семёнова-Тян-Шанского',1),(1572,'Семёновская Б.',1),(1573,'Семёновская М.',1),(1574,'Семёновский Вал',1),(1575,'Серафимовича',1),(1576,'Сергея Капицы',1),(1577,'Сергея Макеева',1),(1578,'Сергея Эйзенштейна',1),(1579,'Сергия Радонежского',1),(1580,'Серёгина',1),(1581,'Серова',1),(1582,'Серпуховская Б.',1),(1583,'Серпуховский Вал',1),(1584,'Симоновский Вал',1),(1585,'Скульптора Мухиной',1),(1586,'Славского',1),(1587,'Слепнёва',1),(1588,'Советской Армии',1),(1589,'Сокольническая Слободка',1),(1590,'Сокольнический Вал',1),(1591,'Соловьиная Роща',1),(1592,'Солянка',1),(1593,'Софьи Ковалевской',1),(1594,'Спасская Б.',1),(1595,'Сперанского',1),(1596,'Спиридоновка',1),(1597,'Сретенка',1),(1598,'Сталеваров',1),(1599,'Станиславского',1),(1600,'Старые Кузьминки',1),(1601,'Старый Гай',1),(1602,'Стасовой',1),(1603,'Степана Супруна',1),(1604,'Степана Шутова',1),(1605,'Столетова',1),(1606,'Стольника Потёмкина',1),(1607,'Строителей',1),(1608,'Стромынка',1),(1609,'Судакова',1),(1610,'Суетина',1),(1611,'Сурикова',1),(1612,'Сущёвский Вал',1),(1613,'Сыромятническая Верхн.',1),(1614,'Сыромятническая Ниж.',1),(1615,'Сыромятническая Нов.',1),(1616,'Талалихина',1),(1617,'Татарская Б.',1),(1618,'Татищева',1),(1619,'Татлина',1),(1620,'Татьяны Макаровой',1),(1621,'Твардовского',1),(1622,'Тверская-Ямская 2-Я',1),(1623,'Тверская-Ямская 3-Я',1),(1624,'Тверская-Ямская 4-Я',1),(1625,'Тёплый Стан',1),(1626,'Терёшково',1),(1627,'Тимура Фрунзе',1),(1628,'Титова',1),(1629,'Тихомирова',1),(1630,'Тихоновская Б.',1),(1631,'Тихоновская М.',1),(1632,'Толбухина',1),(1633,'Третьего Интернационала',1),(1634,'Трехгорный Вал',1),(1635,'Трофимова',1),(1636,'Тульская Б.',1),(1637,'Тульская М.',1),(1638,'Тюрина',1),(1639,'Тюфелева Роща',1),(1640,'Удальцова',1),(1641,'Улофа Пальме',1),(1642,'Усачёва',1),(1643,'Усиевича',1),(1644,'Уткина',1),(1645,'Ухтомского Ополчения',1),(1646,'Фабрициуса',1),(1647,'Фадеева',1),(1648,'Фёдора Дубовицкого',1),(1649,'Фёдора Полетаева',1),(1650,'Фёдорова',1),(1651,'Ферсмана',1),(1652,'Филёвская Б.',1),(1653,'Филёвская М.',1),(1654,'Фомичёвой',1),(1655,'Фонвизина',1),(1656,'Фотиевой',1),(1657,'Фридриха Энгельса',1),(1658,'Хамовнический Вал',1),(1659,'Хачатуряна',1),(1660,'Хлобыстова',1),(1661,'Хохловка Верхн.',1),(1662,'Хохловка Нижн.',1),(1663,'Хромова',1),(1664,'Цандера',1),(1665,'Церковная Горка',1),(1666,'Циолковского',1),(1667,'Цюрупы',1),(1668,'Чавеса',1),(1669,'Чаплыгина',1),(1670,'Чаянова',1),(1671,'Черёмушкинская Б.',1),(1672,'Черкизовская Б.',1),(1673,'Черкизовская М.',1),(1674,'Чёрное Озеро',1),(1675,'Черняховского',1),(1676,'Чечулина',1),(1677,'Чистова',1),(1678,'Чичерина',1),(1679,'Чкалова',1),(1680,'Чкалова (дп им Ларина)',1),(1681,'Чугунные Ворота',1),(1682,'Шаболовка',1),(1683,'Шверника',1),(1684,'Шекспира',1),(1685,'Шеногина',1),(1686,'Ширшова',1),(1687,'Ширяево Поле',1),(1688,'Ширяевская Б.',1),(1689,'Ширяевская М.',1),(1690,'Шишкина',1),(1691,'Шкулёва',1),(1692,'Шлюзы',1),(1693,'Шмидта',1),(1694,'Шолохова',1),(1695,'Шувалова',1),(1696,'Шумилова',1),(1697,'Шумкина',1),(1698,'Шухова',1),(1699,'Щепкина',1),(1700,'Щипок',1),(1701,'Щорса',1),(1702,'Эльдара Рязанова',1),(1703,'Юлиана Семёнова',1),(1704,'Юлиуса Фучика',1),(1705,'Юннатов',1),(1706,'Юности',1),(1707,'Юных Ленинцев',1),(1708,'Юрия Никулина',1),(1709,'Юшуньская Б.',1),(1710,'Юшуньская М.',1),(1711,'Яблочкова',1),(1712,'Якиманка Б.',1),(1713,'Якиманка М.',1),(1714,'Яуза Платформа',1),(1715,'Уральская',1),(1716,'Уржумская',1),(1717,'Усиевича 2-я',1),(1718,'Уссурийская',1),(1719,'Утренняя',1),(1720,'Ухтомская',1),(1721,'Учинская',1),(1722,'Фабричная',1),(1723,'Федоскинская',1),(1724,'Феодосийская',1),(1725,'Ферганская',1),(1726,'Фестивальная',1),(1727,'Филевская 2-я',1),(1728,'Филевская 3-я',1),(1729,'Флотская',1),(1730,'Фортунатовская',1),(1731,'Фрезерная 1-я',1),(1732,'Фрезерная 2-я',1),(1733,'Фруктовая',1),(1734,'Фрунзенская 1-я',1),(1735,'Фрунзенская 2-я',1),(1736,'Фрунзенская 3-я',1),(1737,'Фрязевская',1),(1738,'Футбольная',1),(1739,'Хабаровская',1),(1740,'Хавская',1),(1741,'Халтуринская',1),(1742,'Хапиловская 2-я',1),(1743,'Харьковская',1),(1744,'Хвойная',1),(1745,'Херсонская',1),(1746,'Хованская',1),(1747,'Ходынская',1),(1748,'Холмогорская',1),(1749,'Хорошёвская 3-я',1),(1750,'Хотьковская',1),(1751,'Хуторская 1-я',1),(1752,'Хуторская 2-я',1),(1753,'Центральная',1),(1754,'Цимлянская',1),(1755,'Чагинская',1),(1756,'Чароитовая',1),(1757,'Часовая',1),(1758,'Чебоксарская',1),(1759,'Челюскинская',1),(1760,'Челябинская',1),(1761,'Черепковская 3-я',1),(1762,'Череповецкая',1),(1763,'Черкизовская 3-я',1),(1764,'Чермянская',1),(1765,'Черневская',1),(1766,'Черногрязская 2-я',1),(1767,'Чертановская',1),(1768,'Чесменская',1),(1769,'Чистопольская',1),(1770,'Чоботовская',1),(1771,'Чусовская',1),(1772,'Шарикоподшипниковская',1),(1773,'Шатурская',1),(1774,'Шелепихи 1-я',1),(1775,'Шепелюгинская',1),(1776,'Шереметьевская',1),(1777,'Шипиловская',1),(1778,'Широкая',1),(1779,'Школьная',1),(1780,'Шоссейная',1),(1781,'Штатная',1),(1782,'Штурвальная',1),(1783,'Штурманская',1),(1784,'Шушенская',1),(1785,'Щербаковская',1),(1786,'Щербинская',1),(1787,'Щибровская',1),(1788,'Щукинская',1),(1789,'Элеваторная',1),(1790,'Электродная',1),(1791,'Электрозаводская',1),(1792,'Энергетическая',1),(1793,'Энтузиастов 1-я',1),(1794,'Энтузиастов 2-я',1),(1795,'Южнобутовская',1),(1796,'Южнопортовая',1),(1797,'Юпитерская',1),(1798,'Юровская',1),(1799,'Юрьевская',1),(1800,'Ягодная',1),(1801,'Яковлевская',1),(1802,'Якорная',1),(1803,'Ялтинская',1),(1804,'Ямская 1-я',1),(1805,'Ямская 2-я',1),(1806,'Ямского Поля 1-я',1),(1807,'Ямского Поля 3-я',1),(1808,'Ямского Поля 5-я',1),(1809,'Ярославская',1),(1810,'Ярцевская',1),(1811,'Ясеневая',1),(1812,'Ясногорская',1),(1813,'Яснополянская',1),(1814,'Яузская',1),(1815,'Яхромская',1);
/*!40000 ALTER TABLE `streets` ENABLE KEYS */;
UNLOCK TABLES;

--
-- Table structure for table `sub_type_tasks`
--

DROP TABLE IF EXISTS `sub_type_tasks`;
/*!40101 SET @saved_cs_client     = @@character_set_client */;
/*!50503 SET character_set_client = utf8mb4 */;
CREATE TABLE `sub_type_tasks` (
  `id_sub_type_task` int NOT NULL,
  `sub_type_task_name` varchar(15) DEFAULT NULL,
  `sub_type_task_status` tinyint DEFAULT NULL,
  PRIMARY KEY (`id_sub_type_task`)
) ENGINE=InnoDB DEFAULT CHARSET=utf8mb4 COLLATE=utf8mb4_0900_ai_ci;
/*!40101 SET character_set_client = @saved_cs_client */;

--
-- Dumping data for table `sub_type_tasks`
--

LOCK TABLES `sub_type_tasks` WRITE;
/*!40000 ALTER TABLE `sub_type_tasks` DISABLE KEYS */;
INSERT INTO `sub_type_tasks` VALUES (1,'йцу',1),(2,'цйфу',1);
/*!40000 ALTER TABLE `sub_type_tasks` ENABLE KEYS */;
UNLOCK TABLES;

--
-- Table structure for table `tasks`
--

DROP TABLE IF EXISTS `tasks`;
/*!40101 SET @saved_cs_client     = @@character_set_client */;
/*!50503 SET character_set_client = utf8mb4 */;
CREATE TABLE `tasks` (
  `id_task` int NOT NULL AUTO_INCREMENT,
  `id_type_task` int DEFAULT NULL,
  `id_object` int DEFAULT NULL,
  `id_place` int DEFAULT NULL,
  `id_brigade` int DEFAULT NULL,
  `date_time_begin` date DEFAULT NULL,
  `date_time_end` date DEFAULT NULL,
  `task_status` tinyint DEFAULT NULL,
  PRIMARY KEY (`id_task`),
  KEY `id_object_idx` (`id_object`),
  KEY `id_brigade_task_idx` (`id_brigade`),
  KEY `id_place_idx` (`id_place`),
  KEY `id_type_task_idx` (`id_type_task`),
  CONSTRAINT `id_brigade_task` FOREIGN KEY (`id_brigade`) REFERENCES `brigades` (`id_brigade`) ON DELETE CASCADE ON UPDATE CASCADE,
  CONSTRAINT `id_object` FOREIGN KEY (`id_object`) REFERENCES `objects` (`id_object`) ON DELETE CASCADE ON UPDATE CASCADE,
  CONSTRAINT `id_place` FOREIGN KEY (`id_place`) REFERENCES `place` (`id_place`) ON DELETE CASCADE ON UPDATE CASCADE,
  CONSTRAINT `id_type_task` FOREIGN KEY (`id_type_task`) REFERENCES `type_task` (`id_type_task`) ON DELETE CASCADE ON UPDATE CASCADE
) ENGINE=InnoDB AUTO_INCREMENT=20 DEFAULT CHARSET=utf8mb4 COLLATE=utf8mb4_0900_ai_ci;
/*!40101 SET character_set_client = @saved_cs_client */;

--
-- Dumping data for table `tasks`
--

LOCK TABLES `tasks` WRITE;
/*!40000 ALTER TABLE `tasks` DISABLE KEYS */;
INSERT INTO `tasks` VALUES (1,1,1,1,1,'2022-10-12','2022-12-22',1),(2,2,2,2,1,'2019-01-12','2019-02-19',1),(3,3,1,3,2,'2020-01-01','2020-03-03',1),(4,4,1,26,2,'2020-03-03','2020-04-04',1),(5,5,2,5,2,'2021-05-05','2021-06-06',1),(6,6,2,6,3,'2022-03-08','2022-04-10',1),(7,7,2,16,4,'2020-08-08','2020-08-09',1),(8,8,1,11,4,'2022-10-10','2022-10-30',1),(9,9,2,24,3,'2019-11-12','2019-11-15',1),(10,10,1,23,3,'2021-08-02','2021-09-03',1),(11,1,1,17,1,'2023-03-07','2023-03-31',1),(12,2,1,17,1,'2023-03-09','2023-03-10',1),(13,3,1,17,1,'2023-03-01','2023-03-31',1),(14,4,1,17,1,'2023-03-02','2023-03-31',1),(15,3,2,17,1,'2023-05-19','2023-05-27',1),(16,2,1,17,1,'2023-05-19','2023-05-27',1),(18,2,1,1,1,'2023-05-29','2023-05-31',1),(19,2,1,1,1,'2023-05-31','2023-06-03',1);
/*!40000 ALTER TABLE `tasks` ENABLE KEYS */;
UNLOCK TABLES;

--
-- Table structure for table `towns`
--

DROP TABLE IF EXISTS `towns`;
/*!40101 SET @saved_cs_client     = @@character_set_client */;
/*!50503 SET character_set_client = utf8mb4 */;
CREATE TABLE `towns` (
  `id_town` int NOT NULL,
  `name_of_town` varchar(30) NOT NULL,
  `town_status` tinyint NOT NULL,
  `id_street` int DEFAULT NULL,
  `id_highway` int DEFAULT NULL,
  PRIMARY KEY (`id_town`),
  KEY `id_street_idx` (`id_street`),
  KEY `id_highway_idx` (`id_highway`)
) ENGINE=InnoDB DEFAULT CHARSET=utf8mb4 COLLATE=utf8mb4_0900_ai_ci;
/*!40101 SET character_set_client = @saved_cs_client */;

--
-- Dumping data for table `towns`
--

LOCK TABLES `towns` WRITE;
/*!40000 ALTER TABLE `towns` DISABLE KEYS */;
INSERT INTO `towns` VALUES (1,'Москва',1,1,1),(2,'Тамбов',1,2,2),(3,'Камышин',1,3,3),(4,'Волгодонск',1,4,4),(5,'Ярославль',1,5,5),(6,'Дзержинск',1,6,6),(7,'Ставрополь',1,7,7),(8,'Ульяновск',1,8,8),(9,'Сызрань',1,9,9),(10,'Норильск',1,10,10);
/*!40000 ALTER TABLE `towns` ENABLE KEYS */;
UNLOCK TABLES;

--
-- Table structure for table `type_task`
--

DROP TABLE IF EXISTS `type_task`;
/*!40101 SET @saved_cs_client     = @@character_set_client */;
/*!50503 SET character_set_client = utf8mb4 */;
CREATE TABLE `type_task` (
  `id_type_task` int NOT NULL AUTO_INCREMENT,
  `id_sub_type_task` int NOT NULL,
  `name_type_task` varchar(45) DEFAULT NULL,
  `type_task_status` tinyint DEFAULT NULL,
  PRIMARY KEY (`id_type_task`,`id_sub_type_task`),
  KEY `id_sub_type_task_idx` (`id_type_task`)
) ENGINE=InnoDB AUTO_INCREMENT=12 DEFAULT CHARSET=utf8mb4 COLLATE=utf8mb4_0900_ai_ci;
/*!40101 SET character_set_client = @saved_cs_client */;

--
-- Dumping data for table `type_task`
--

LOCK TABLES `type_task` WRITE;
/*!40000 ALTER TABLE `type_task` DISABLE KEYS */;
INSERT INTO `type_task` VALUES (1,1,'замена',NULL),(2,2,'ремонт',NULL),(3,1,'очистка',NULL),(4,2,'профилактика',NULL),(5,1,'ликвидация',NULL),(6,2,'плановая проверка',NULL),(7,1,'внеплановая проверка',NULL),(8,2,'устранение неисправностей',NULL),(9,1,'капитальный ремонт',NULL),(10,2,'проверка состояния',NULL),(11,1,'проверка',NULL);
/*!40000 ALTER TABLE `type_task` ENABLE KEYS */;
UNLOCK TABLES;

--
-- Table structure for table `users`
--

DROP TABLE IF EXISTS `users`;
/*!40101 SET @saved_cs_client     = @@character_set_client */;
/*!50503 SET character_set_client = utf8mb4 */;
CREATE TABLE `users` (
  `id_user` int NOT NULL AUTO_INCREMENT,
  `id_role` int NOT NULL,
  `id_gender` int NOT NULL,
  `date_of_bers` date NOT NULL,
  `second_name` varchar(25) NOT NULL,
  `first_name` varchar(25) NOT NULL,
  `last_name` varchar(25) DEFAULT NULL,
  `telephone` varchar(25) NOT NULL,
  `e-mail` varchar(25) DEFAULT NULL,
  `photo` longtext,
  `login` varchar(25) NOT NULL,
  `password` varchar(25) NOT NULL,
  `users_status` tinyint NOT NULL,
  PRIMARY KEY (`id_user`),
  UNIQUE KEY `login_UNIQUE` (`login`),
  KEY `id_role_idx` (`id_role`),
  KEY `id_gender_user_idx` (`id_gender`),
  CONSTRAINT `id_gender_user` FOREIGN KEY (`id_gender`) REFERENCES `genders` (`id_gender`) ON DELETE CASCADE ON UPDATE CASCADE,
  CONSTRAINT `id_role` FOREIGN KEY (`id_role`) REFERENCES `roles` (`id_role`) ON DELETE CASCADE ON UPDATE CASCADE
) ENGINE=InnoDB AUTO_INCREMENT=17 DEFAULT CHARSET=utf8mb4 COLLATE=utf8mb4_0900_ai_ci;
/*!40101 SET character_set_client = @saved_cs_client */;

--
-- Dumping data for table `users`
--

LOCK TABLES `users` WRITE;
/*!40000 ALTER TABLE `users` DISABLE KEYS */;
INSERT INTO `users` VALUES (1,1,2,'1969-02-12','Кортнева','Светлана','Васильевна','8 944 713-50-56','svetlan46@gmail.com','/9j/4AAQSkZJRgABAQEAYABgAAD/2wBDAAMCAgMCAgMDAwMEAwMEBQgFBQQEBQoHBwYIDAoMDAsKCwsNDhIQDQ4RDgsLEBYQERMUFRUVDA8XGBYUGBIUFRT/2wBDAQMEBAUEBQkFBQkUDQsNFBQUFBQUFBQUFBQUFBQUFBQUFBQUFBQUFBQUFBQUFBQUFBQUFBQUFBQUFBQUFBQUFBT/wAARCAGeAlgDASIAAhEBAxEB/8QAHwAAAQUBAQEBAQEAAAAAAAAAAAECAwQFBgcICQoL/8QAtRAAAgEDAwIEAwUFBAQAAAF9AQIDAAQRBRIhMUEGE1FhByJxFDKBkaEII0KxwRVS0fAkM2JyggkKFhcYGRolJicoKSo0NTY3ODk6Q0RFRkdISUpTVFVWV1hZWmNkZWZnaGlqc3R1dnd4eXqDhIWGh4iJipKTlJWWl5iZmqKjpKWmp6ipqrKztLW2t7i5usLDxMXGx8jJytLT1NXW19jZ2uHi4+Tl5ufo6erx8vP09fb3+Pn6/8QAHwEAAwEBAQEBAQEBAQAAAAAAAAECAwQFBgcICQoL/8QAtREAAgECBAQDBAcFBAQAAQJ3AAECAxEEBSExBhJBUQdhcRMiMoEIFEKRobHBCSMzUvAVYnLRChYkNOEl8RcYGRomJygpKjU2Nzg5OkNERUZHSElKU1RVVldYWVpjZGVmZ2hpanN0dXZ3eHl6goOEhYaHiImKkpOUlZaXmJmaoqOkpaanqKmqsrO0tba3uLm6wsPExcbHyMnK0tPU1dbX2Nna4uPk5ebn6Onq8vP09fb3+Pn6/9oADAMBAAIRAxEAPwDoE0Gxkbb9nj+b/ZWn/wDCP2f/ADwj/wC/Sf8AxFbG16EU7utfecp+dcxk/wBg2P8Az7w/9+kpf7Bsv+feL/v0tbCKPv0nk1l7OBfMZDaFZ7P9RH/3ytCaHaR/N5Ef/fK1s+R/D/HTfJb1qfZIOYyP7Fs9v/HtH/3ytD6Da/8APCP/AL5WtjyS+NtO8mnyhzGKmi2e7/j2j/75WhdBs/nZYI/++Vra8n/do2tRyhzGOmiWrf8ALCP/AL5Wj+x7bb/qY/8Avha2NrUqQlO6/LRyhzGT/Y9n/wA8I/8AvhaH0e2/594/++VrY8p5PvGovKO75a25SOYyf7HtfveRHt/3Vpn9iW3/ADwj/wC+FrZZNi/7f/slJ5dY8pfMY/8AYlt/zwj/AO+Fpf7Htv8AnhH/AL21a2EhOP4aTyf92jlDmMv+x7bd/qI3/wCALTP7HtvM2+RH/wB81sPCe5oeH971o5Q5jGfRLban7qP5v9mj+x7bd/qI/wDvmth4vl3YprxbPmxRysRlJpdtj/UR/wDfNSpo9qn/ACwi/wC+a0vLo8ujlHzGb/Y8H/PBf++aP7Hi/wCeC/8AfFaW0/w0vlPv61tykcxkvo8HyfuI/wDvimpo9t/zwj/75rXeI+tN2vRyhzGT/ZVt/wA8o/8Avih9Hgx/qo/++a2PL96a8R9aOUOYyf7Htv4oI0/4DQmjwff+zxp/wGtbyvl607yTubmjlDmMpNLgTO6CP/vmh9Lg/wCeEda3l+9Hk/xUcpRmf2XB/wA+0f8A3zR/ZcG3/VL/AN81pvBs/u/NR5fvRygZn9lQf88FoTR4P+eS1oJEd3WneX70cpPMZv8AZUHy/wCjrR/ZMDt/ql/75rT8s+vz0iQn/nn89HKHMZv9lW3/ADwj/wC+aT+zYP8Angv/AHzWp5J20eQf4vno5Q5pGZ/ZVt/zwX/vmj+zYPl/dL/3zWo8FOeP/gdHKUZn9nQeV/qF/wC+aP7Ni/590rQeH+LbQkPzOvy0coFH+zYv+eS0f2bF/wA8lrRSHf8ALTfI2UcoGd/ZsG75IV+Wnf2bBu+WJf71XUiO9933KPJo5SeYz/scH/PBf++KP7Ng/wCeS/8AfNaCRfK9TeV838XzVjysozPskCf8s1pqWNv/AM812f7tX/J/dUeT8tPlLM97WDb8sa7aPsMP/PJa0PJ+Wm+X9+jlAz0tbd/+WS09NNg+75S7Ku7Noo8ulyk8xn/2dB/zyj2U77DF/wA8a0fL96VYf4XK1tyiKCadBu/1VPk02Dcu6JateT826pGjbZ/DRygUPs0X/PJaVNNg83/VLVp4X9d9K0R2nlaOUnmKKabA/ZaHs4P+eVXUiPq1K8Xy9fvUcocxnJZwbvliWpv7NiUfcWtBYT6/OtDqemaOUOYzHtYvurEtPezi+T90taHlHd8tM8mjlDmKSWcW5/kR6Y9jF9/ylq75fvQinb/FRyhzFL7HHu/1C0fY4v7i1oJEfWja9HKHMUU0+Ldt2UVbRTu60Ucocw9Ial+z/NT0T5qe6fJ/DWhBXRNjbflpzr81TeXTpPu/LS5UBHHDTvJ/u/fqDUdYt9G0q71K4kVYLVd0s3/oCov8Ts+xFRfmZnVf41Wr/gz4O+I/ihZrqniy5vvDGiy/Pb+H9Pl8q7li/ga6uE+ZX2f8sotu3d8zM1cdavGl8R20KMpmfc3lnYS7bm8trNv+m06xf+hbKfbXEVyvm20scyf34WV//Qa9Y0r9m34c6Uu2Dwdo0z/Jumu7VLibZ9z53l3s3/Anrivit8H/AIW+DdJS+TwdF/a11OtrplpoJayu7y4l+5FE8Tpt/vs7fKqozNXB9d/und9R/vGCts83y7c/8BqE3EEM21p4Edv4XlVHrZ8B/soyXmmxS/ETxDqmtuzOy6HDqMqWNqj/APLJ5U2Sz7f77P8A8Brv4f2ZvhlDG6r4H0RwzN8zWau//fbb2/8AH6FjSPqHeR5a8O2Ld/B/eoSHYtegar+zN4TihdvD7X3hK7Vflm0mdkh/2N0Uu+Jv9zZXk/iDWJ/hv4kTQfGOp6XC9xv+w6nDKsUM+1PuSxM+6J9j/wB9kdtyq38K9lLF05+7I5qmEqQjeOpsPD/3xR5I2v8AdSq9h4h0fVmRbHVbG8b+7b3UUv8A6C71oOnkn567Izi9jj5JRKkkX95G/wBqjyv4f4asJD+5prpt/wBur5UQVkhp/l1L5Py/8s6f9yKmWVHT5Up6Qr/zyqXy6Pm27vubqAK7p82z79Gz7/8ABVjZ/s0In8X8FBBBspEh8n+9Vn+L/wCypm1aXKgGbfl/iqJ1arrffpnzUcqAr+X70JBUsi/N187/ANlodTV8oEWz5crQ8e9flqz5f39vz7aYkfzf7FRyoCFFWleH96lS7VpH++m7bRyoCLarUbP7tTf8C30eXRyoCHy6PJ3t92rOz/dT/gNJs+amBB5Py+1Hk7F+7U/l0qfd21YFZI6Gg/e/xb6seYd23ZQ5P/A6XKBX8mnJB8+2puv+3RRygV3T5ttO8h93/s9WMnd/n1pfn83/AJaUcoEMkGxdppnl/LUufm+anp977tHKBAkP93dSJB8tTeX70+jlAqpD/wB8U90+/Uv+r/i87bQ//j9TyosrbV2NRt/vVM6Mn3l2U/77P92s+eF7D5JwK2w/7VMuZFt43neKR1iV32Qrvf8A4AlUNa1zU9NuPKtfD1zqq/f86G6ii/8AQn3f+OVjzePLzTmf7b4O8RQr/FNbxRXCf+QpW/8AQawnOENzaEJzOgsNVttYsIr2xnWa3lV9rq38f9x/7rp/EjfMtWHjryfVfih4Q/tZ7zSfEdpoPiBv9bY6zFLZQ3/+xLuRNj/3ZV+df4ty1j+Ovj9a6poa6V4f8+2124Xyr5X3b9Oi/jVHX5WdtmxXV2XY+7+6lcFbMKFGnKo5bHfRwNetUjTUfiOu1z41eGtD1ptNllubxlbZdXdpFvS1f+BXb5NzK67GRdzK3yt/cq5qPxi8D6XqH9n3niaxhuG2I371nhV3+fY8q/Ku3+Lc/wAtfKrTNeW76bpsX+ixMluzQ/fkll+RIov9re/zP/t19FfDf4P6P4L0OKOeytLzU5Yk8+Volf5/41iR/uJ/A33d2zc38Kr8f/rFKLlKpH0Pt1wxGXLGnLoerWsiXMKSKyzRMqOrK29Nn97fU3k/JXnnw9dvCvjTVfCC/JpUsH9q6ZC3/LJN+yWJP9hX2OqfwI716V99f4Sa+4wOKji6UakT4HG4SWEryp1PslXyTu607y6sfM+z7uym7P722vR5Tg5iHZtpjw/7tWPJ+Xf8v/AqHT5v4aZBA6UPDsVKsbPk/wBhaP4H/wDQasCuq/N83zpT3tm/u1L95v8AZp+za33m20AVtrU1E+ap3/1NH/bL56AIPJ+X2oeH5Uqx935lpj/u/wDboAgeDYtKkdS5P8W7/W099qIjbqXKBFH/AKxKKlX/AFqbaKYAiJHRs2fd3UJ8kWac/wDu/J/6HQQLSfw/59KfD/rv9mjZsagZl+F/DMfxE+OOn6Zer5uieFbVdXlt2+5Lfyu6RM/3P9UkUrq/8LOjV7fc/GDSLfXm0+2s7+/t7e6SyvNUt499pZSytsSKWX5Pn3um5FVtjOm7bXkvwl1JdK+N3ivTfPWG41vQrO6sZm+Tc9u0sUqf7e3zYn/2d9dn4L+CfijTdB0nRdb8VWb6JYSxPLp2k6csX2qVJfN3yyyu7b2l+dtu379fL4uUpVJH1OEio04ns6fd3V5P4fRfGHxp8S65fbXtfC8UWj6crfIkUssSS3Uv++yPFEr/AMSo6/x167Iny14Fb+D9Q8SXXxQ8L21zDZ3beJItSlt75WeG8s5YonSKXb83lN5TxM6/3HWuCVzY7f8A4XXoPmpPbQaleaIsqRS69DZs+nxPv2f635EZN/yb1Rl3/wAVeiOP3W6vKdS8IeO/GGi3fh7U08N6Jol1E9rPNpfm3E3lOuzZEjIiRfJ93du2f3a3/jJ4kufA3w11OfTP+QrLEmn6duXe/wBoldIom/g3bXlV9n8W3bRzFnKeIfEPiH4reJL7w14R1CTQdC01nt9W8TQqqTNL/Ha2W/eisnyM0rblXftX5k3L0HhP9n7wP4Sjd7Xw5aXN3L88uoahEt1dyt/elll3uz/7bNSI+mfAr4d6PoemW0mq3qqllp2nwsqTaldOju7M/wB1dzo8rSttRV3s3+1e8G/Ea81XxB/wjniPQ38N661t9tihhnW4huokdEd4pVRGZld0RkZFZN6N9199UA7W/gn4H8SRbb7wno1ztZfmSxiR1/3HVEZf+AvXk/ir9nvXPBcb3nw+1WS8tYvml8M65O0sMqf3Le4be8T/AN3duX/dr6WVPSh4a3jUlD3okVKcJ+7I+RNF8QQa1ZyzRwTWF3byNb32n3aostrKvzvFKv3GVvvq6/Ky7WX73y6ez5Diuy+Pfw4ktpG8f+HrZhrtjE66jaQsyPqNgn34v7rSxP8AvYt38aMv8fy8Pp1zBrGn299YzreWlxEksU0PzpLE670b/gSV7uGxKlH3viPCxFCUZe78JNs+Xb81c5qHjB7jxBLoHhzSbvxVrsTp5tjp7L5Nrv8AuebK37qJ/wDYZ9/+zVvUrXVfGXiyx8D+H7l7C6vYnn1PVEXc9hYb9jsn92WV1dIt3ypsZv4d9fSHgfwDofw48O2mjaTaR20FuvdV86WVvvNK/wB5mZ/mZ23M1Y4jF8q5YfEbYbCOUeapsfPk3w9+Lf2Oa8TSPCsPlRO62LajLLNL8v8Aqt6xKu+uN12HwdZ/A3UvFGq+IbS/8erapdbzP/pFldI6P9lit/vRbX/dbNm5/n317r8XPj1ffCu4ff8ADfxV4hslX59R0eCK4h/2N/71HX/gSLXjOn/t3/DDVNQSe+8HazZ6l/FM1jFK8X/fL768mWIqy+KR6caFOMfhOh0fVLTxBp9rqGmzR3dldKsscsTb0ZP9irUieX0+T/Z214RcfF74Yar431/StO1K70LwlrkC6h5M0Utgllf79sqxOn3UlTZL8r7dyN/frK1H4X+KvLbVPhx8Tb/X7dPn+wtrG+b/AIBL8yN/wJVr2KeL5o3PAqUFGekj6KTbu3bN9OT923zV8l2X7QXxF8E6ktl4htYr6VVXdZ6pB9nl2f3kli2qyf7e1lr2PwJ+0D4Y8aXEdjO8mi6xK21bTUAqIz/3Ipfut935d21n/u1008XTkRKlI9Uk+9822mSfNT497ttb5K5Pwp48tfFlxqdi0P2LWdJna1vtPZt7q6t8kqfwtEyfMr/xL/ufN0e0jzGPsub3jqP4v/saP/RtH3tlEn+z/erQzF8v3qN0b/gFTfcb5vv0f7v3KAGOjUI65/ho+/8AdNNk+98tAA/zxZoT52p0f+sNNx/s/rQA/wAv3pJP9YKen3v4aPuNQAx0+VPvUsnaneX/AOO0fJ96gkY2d3zU/Z/dp7/JFimR7t3zKv3vv0AGz+9Q6f7NOSPezr/HRj77fNQLnEVBtShB838WykT59rD7lPTb/tUG3ONaP+7R/F/ElOdTtoY/Mjfw0D5xjR/c2tvqTy0+83yUnmF1NOf79Ac5E6r/AA187ftA/E2az1q68Of2tLo9nYRxSytDK0Ut1LKm/bvXa2xUdPuvsZt391Wr6MrA8Z+DLPxn4c1Oxnijhu7y1lslvniV5okdf7/39m/59leZmFOrUoyVOXKd+ArU6deLqx5onxjD481WztQ0+seIYXil32tol9LsRPkdG+/tbc7vu/ur8teseEv2jNQ0XUJoPG2oW1/a+UnmzWkHlTRS7XdN6JtRkZ02fKi7Wfd935q888QabeeG573SNctfJu7VYluoYX81JYn+dHTbsXYybHXd8y7/APeVcDxZawaXou+xVYbiVnij/j83zV2Pv/ib5Pn/AOAV+Z08xxFCvySl7x+t1MswmIo+1jGysekXP7UXiWHVLqVNPtJrfbu+yPE2zTUf/UtLKvzyvs+8irWHq3iTWvG+yfV9aub9Fbb5MLNFCrp8n+qX5W/2Xbc1ZR8A6v4Rt4NJ16xk0XU0gVp7dpd/mpLFvR2+8u/76N83yMjr/AyVbtrc28TKq/ebc3+9tRP/AEBK8/M82xEuanKXKdmWZPhrRqcvMUv+Ee03y9rafbOv9xoleqTeDdPSYy20UljLt2+dZN5W9f7v93/x2t+ivjo46vf3pH0/1GhD3oROh+EPh2HUfHFuBEqWekwPeLErf8tWbykT/wBDdf8AaT/Zr6Pjj+WvlawvNT0W6mudM1CawlliaKV4VV90W7e6Nu3r99Edf4q9t+C3iBtV8Gut9eS3l1ZzyxTzTSs7/f3o7v8Af+46V6FWUq1O8JBT5cPL34lrxM7W3xS+H86/fllvLJv9xovNT/vl4q9LubmC2gZp544U/vTSqn/oWyvNIfB+vfGbxHoF54cupNE0zS7qW4g1lolea8d4nif7PE3y7Njv+9b/AICrfer6L8Mfsr+CdLWK51fTJfFWprs3X2vStevv/vbG3or/ADv91Fr9QyGvLC4SMZR94/Ic+oQxWLlUjLQ8pTx54Z87Z/wkek7/AO59ui/+LrVt7mDUofMtp47mL/ntFKrp/wCO71r6AT4b+Ffs/kf8I5pOz+7/AGdF/wDEVxviH9mDwBrEjT2ekf8ACN3rbWXUNAlaymV/737rYrf8CRq+hjmEt5RPl5Zf/LI82f8A1NK6VR8XeGPFXwhjefWZ/wDhKfCsX+t1yGBYruwT+9dRL8ssX96WLbt/iWrtvNBeRpPBKs0UqpLFMjb02f31r1adeNWPNE8qpTlSlyyG+X8vzUPHUvlpu/2aZt+WuonmG+Xs2etPeOkjPzbv4KfJnfQHORP93/epnl/N/fqwh+b5l+T7lMRWaWgOci8n5fm+/S+X71L/AAPSbdktAc5Gsf8Aeb5KPL8n/b20u0/JRsL7KA5xYf8AW0U/adyfwfNRQHMIiLt/3qH/ANafu0InlrQ0K/Lt3UGYqfcp396iOl/3KCzF8TaDLrkljfadqH9ja7pkjz6fqkQ/1Uu3a6uvzqyMjbGTYyum3d8yqldfo/7SHiPRIEt/FXgDULyWL5G1DwzLFcQy/wC35UrpLF/ufN/vVlIlSp8lcVbCU5e91OqjjKkfdNu6/bG8PW91ZQT+EfF9tLf3SWUDX2nLaw+bL9xHlllRF3f7T12vj/w9q6alZeNfCUMb+I7KB4p9MuJViTUrV23PE8v3FlV/nid/lR3ZW+V22+UanpdnrtjdWV7bR31nOrLJbzKrpKv93Z91qoeGdS1/4b+JvClpY+LdQ/4Q+6votPn0/UFW9SJJUfyvKll/eqm/ZF8zt9/5a8qvhJRjzR2PUoYqMpcsj3v4dfGDw58RYpYrG5az1W3/AHV5o+or5V9Zy/3ZYm+fZ8n313K/8Lfern/2mZmtvhp/avlM8WjanYarOisqfuorqJ5W/wCAojv/AMArqPGfwj8IfEZ4m8Q6DY38sW/yrt12TRfwOqSrsdU/2Fda5Jv2V/BVxG9tenW77TWXa2n6hrt5Lbsv9x4ml2Mn+w1eWeidH4n8AQeOrzStasdc1DR72zil+zXGn+U/mxSom9P3sTq27Ym16raJ8IWsPGmleI77xPret3dhFLFFFfNF5P71FR2RIokRX2Js+X73/AFrjdEm8R/s5Wv9lX1pqHi34dW/y6dqdjE1xqGkRfwRXES/PLEv8Mq/MqptZf4q7vw98dfAHihv+JZ4x0SZ/k3QvfxRTL/HueJtjr/wJFoGd/TZpFRdzMqJXCeIfjr8P/Dat9u8Y6JDKu/bFDeLcTM/8aJFFvdvufwo1eRXPxy1r4heOEtbLwF4vfw/YSo8Fu2mNavq0v34pZZZdixQL9/Yz7mf7y7U21UpByn0fNCjxV8/+H/2RfB2mvqbXVtc2dxLfXEsU2l6jcW++KWXzUR0ilRG2o7ovyL8qV7BH4qbQfCX9q+LxY6D5SvLdIs7SxQJv+RfN2KzOu9F2KnzN8q/fXd8s/Fb9or4p+OLW6/4V34bbwl4Vihfz/F3izyrLdF/z1WKX/VL/ddkZv8AZp8/YWnU9h8I+GfBn7OVv4j1XUdcgsIdWnS4lu9Yvv33lRRIiRebK+90XY7qjOzJvauQ8Uft5fDLRJJY9Nn1TxI0Wz5NLsWRP+/suxf++d1fnv46ln1S6lu7rxSPGesNL+91DbLLEjfxotxPsdl/upEm371Y1hb3Nu265vZJnb+HaqJRTjKerOKti4048kT7W8Qf8FEPL2f2Z4Imn3bvn1DU4ot//AIkZf8Ax9v/AGSvJPiF+0/b/Ej5dc+E3hS/f+Ca4nleZP8AclVEdf8AvuvDN/zetEldHs4nmzxtUXUJzcagXt7WCwspv+XSOeW42f7ksvzf99O1Mjhjhk8+LdDKv3ZoWZH/AO+1+anUVrH3ThlVlOXMdFqHjrX9W0VNLvtSbV7RV/drqarcOrf3opW3yr9912Kyrt/4FXHWENyFa2u1W5VvuzfL93+66VfoqOUX1qXwnrXwu+PmpeB7i30zXLqbV/DjFEV3+e4tl/vIzbWZf9htzL/D/tbHjjxXY+Afjf4a8f6VdxzeHPEdqkV5cQtvRkR0imf/AH13RP8A8AavDarXFvNNbxWf2mX+zYmaUWrP8iPKux2X+FXbYm7+9sX+4tb+1ko8p00qkX/EP0Pvr61s5beK5nihe4lSKNHZUeWV/uIn952/ufeqV5DHv4r5L8A/GC18QfEDwzqHjHUo9O0zwro8sEX2iX5ZbpERHl2fxOyP8qfe/dV1Hi39rYyq0HhPRPMR9yrqGptsT/gNuux9v+2zL/u/3vShioct5BLCL4rn0Z5fyvy3y1yHiT4xeC/CDyrqviXTYWXd+5hlaWXb/wBcot7L/wACr5E8UfETxR42jdNd1u6voWZv9Hhbyov+/UW1W/32XdXHrLZaWhVGjh9dm3d/8U1YSxkvskRpxPqvVP2svDVvhdN03VtXfd8jeUsUX/kV93/jtclqH7WGtSqy2HhjTbMNty19eyyt/t/dRU/9CrwFta+1KGtrS4l/21i2J/321HnahN92COH/AK7Ss7/+O1z/AFmpL7RdlH7J7RN+0543mbcq6JCv+xYy/wDs0taPhf8AaB+I3ibXrTSdNtNF1O9uHXbG9rKqbP42Zkl+VVT52/uorNXhJtdQmYFrpF/3YF/9mrT8O6hqvhS+u7rStdv7CW4VEllhl2PKifwv8n3KiNepzfEOHJ9o/QRFfy03r8235tn3Kd/vLvr4Nfxp4smi+bxj4g/4BqMqU2z8feJr2+X7D4u8RXNyf+WNvfSyu3/obNXd9djH4jalhZ1pWpxPvWT7/Tj/ANAof+CvjfRdV+Lc2xrbXNbt1/v6pdRf+gMjt/45XonhHxn8UIfGWgaLqOvaXrRv5W8yBrHY0Vun+tl81dm3b/D8vzM6rTp5jTnL2aOurkuJp05VZx5Yn0R/F/n1oj/1hpvl+9ORNv8At16Z89sH8X+fWm+X71J8vz/x0qf98JQBF0/2KcnyN83zpSx96c8O2gBrfcNIiVJSp97+KgCL+H/PpS7PMWpYv9ZTD1agCL/l4424rz344+NrnwT4TggsmWHVdWnSyiuGXf5C7Hd5X/uOqJsX/adW/gZW9F/j/wByuU+JXgCD4ieGW02SdrO7ilW4s7tF3+VKm/Y2z5N3yO6N8/3Xb/ZdfOx0akqEo0viO7Byp061OVT4b6nyPc3Fn4b0+We5lk2NK7yzTM0s0srvvdn++zOz/eeuX8YeJtPtZdKu8SzW9rPK8kPzROzRMibfmT5WV/8A0CvSdW+CeueIPHHhzwj4jgk0i0v7p/8AicWLebFL5UTu6xP95XbY6LvRdzfN82xlr6W+JXwH0NvgPe+E9N0zz/sFq7ad8rPN9qT5t6bdrM7P97+9vb+/X4zVlTwFeP1r+JKR+0TxMcVS5MN8Njx79pjx5pXiL4oWl3bXKzPFpNvFPt/56/Ozq+3f86o6bkb7r7l/gZF8pW8vLhP3Fo0Kf3rhtv8A44vzVkW13p/gyJ7O8sdSs9TVEWdNQgaKZpf4/vfOqb/u/drVh1dplErabewo33f3C79n977/AMtefjoqrWlUjE9vLfdoxp8xdhSdC3nSRv8A9cV2bKlqK2ulk/5ZSQ/9domWpa+Ylzc9j34Sio6hXV/CjR4tR17Wn1fU7bTfBkSxPq32iVYkllTe0UW9vlVGTe7J/Eqbf41rz/8AtWXVp3j0zytsTbJbub/Uo/8AdT+8/wD47TLTwzZ2sjzzq19M0qO01w27979/ds+7/c/g/u19FglDCz9pU/8AATysbTqYqny0/wDwI+zdJ/au+G/g+KVrKW78Q3qr5UUOk2rMmz+D962yJv8AgLtXN63+3V4ruppV0Pwfpdhbbflk1a+llf8A75iRFX5P9r/gNfPOk2d1r2pJpukafd6xqbMn+g6fA0rr/tvt37U/2221mWM0lmbuDUNsNxZyul1MkqvCrbn+VJV3Kzq/y/Kzbm+WvoXjsVKPNTjyxPnKeW4SM/Z1anNI+tvA37dU6XMsXjHwrst9qPFcaDK0vz/3Hil2Oqb/AOPe3/xPtvwX/aO8M/Ga+1Cx0y2vbDUrOLzZbHUFVHeJ22JKm13Vk3uiff3LvX+8rt+cV9qUVrGyvO1ndMu+JLiBkd/+AuiM3/Af79fY/wCwz4D8VeEbXxHq2uaBLoNlqy27WtvdIqTSyor+azfxqjI8W1Gf5m3/AC/x12ZdisXWqWqx908zM8JhKFPmpS94+qbq1S6VlZVdGXbsb7lfK+ueD/8AhUvj5PDkC7PDWrRS3uiou51tZU+eW1T+8i7/ADV2ptVNy/wbm+t9ny14r+1Lpqw/DldcX/j60PUbXUFf/pkkqRSr/wACillSvt6FTkqRR8HiaXNTkzz3YPN96ci4enSR/M/zNspHGP4cV9OfK/CH8f3ab/F/n1qSodny/wCtTdTGPl/1lM8v3pHT79TLu3UARUfw/wCfSkf94v8Acal++1ADEgajyPm+TbT3+RqKvlYDUT96n+8lFWE+8n9xmopAVl27P4qfHjaNu3NMT5lof/W/L/21qSgSan7Ni/w0UP8A+zUEkqfvPvUff37Wo5/zmrP/AMRQUQ/8s/8AnjXK/FF54fAOq3NsjfaLCKLUItvz/NFKku//AMhV08b/AHNsdKyLcK8TRK6srq6t9zZ/crOpHnhKJvSkoz5j6P8AD2rQaxpFlfQOs9vdQRXETf30dUdG/wCBI6Vpvtr5f+CfxYj+F0tp4H8YzLZ6asrxeG9euHWKGWLd8lrLL91ZYk2Iu51VlRFX5tu76YW6V4t3y/NXylSMoS5ZH01KUZR5okrosy1y3iH4V+EPGEvm614a0fVZW/5bX1jFK/8AwB2R2rp/tCVRbW7OHVF05p40u5YnaKF32vKiffZP723+KszYyPDfwv8ACHhGXzdF8NaTo7/3rGziif8A4G6ojV0TIixU9ZvO/wCedeafHTxx4j8I+HUsfBmhy634r1ZvsWlqiM8MUrrveWV/urFEiO7btu5tq/xsyqT5Q+I5X9o39pbw58F7WXT2gj13xFLEzWujQsqeUn8Dyv8ANtRn+78jM3zbV+VnX85fid8W/Evxhvk13xLfXGpaf5vlWtvbxMljBL991iT7rNsT5nZmba/+7X298Ov2L9Pnv28S/FLUv+E48QXjNLOrbvs7yv8AeaX+OX5HT5G+VVRVVflV2+Of2qPidbeMvidLY6N9ltvDmgs2i6Pb26okPyt+9l2JtTYzpsV0+VlRazjL3iasW6ehwcjfu65/xJ4mg0GHazefdt92H/2Z6w/EnjueSV4LBmhVW+WVG+8if+g1k6P4fufFEj3E8n7pm3STN8//AAGt/ac/uwPNp4WNOPtKr0Fk8bX8yvE05RGbczRHZ8v91a7/AMP3ENxpMDQxybc/L5v32/2qw9e8I6fbaO/2SL97EqbZt3zP83z1v6LYtpumxWzMwdV+Ybv4/wCOinGUZe8c+LqUp0eakXfMpm5aNy0V1nhhuWnO9RTf6mn0GQ9JqNzUyig1MzVI4Yb61nxvIlw0Z+d9rJt3bf8AP3auPcXNwubaBYV/57Sts/8AHV+apEhjiZ2VVR2+8y1NH3qeVnZ7b3YlR7eSb/XTyTLn7q/Kn/jvzf8Aj1SW9lbwKUihjQZzu27m/wC+vvf+P1PRS5TL28p+6P8AvsKSopporePdKyom7/vt66vwz8Mde8Tr59yraDZMvytMu+aX/ci+6v8Avt83+z/FUVKtOn8R7GX5XicwqctOJy81zHbMis+Xl/1UKfO7f7ifeeun0P4deI/EWxmto9Hsm3fvtR+ebZ/BsiX5/wDgDOtet+G/AGj+FfmsbZfNVPmuJvnmf/gfybf+A/LXQR15FTG83wn6llvCNOPvYn3pHAaH8E9DsismpPNrEq72PnNshH/bJflZdn8Dbq7ez0q20m38izggs4l+7DCqon/fC7asUVwyqyn8R97h8tw2Fjy06aG3N1FZ28s88qwxRK7SzN9xET+Ouj+BWiTPp934vvoGhvtcVfIh2sj29gjfuk/4F/rW/vM6L/BXCa1YS+MNc0XwjBIyf2tK8t86Ns2WEWx5V/2d29Iv+2tfREKR26qkUflRL8qqv3Nn9yvpsnw3NzVJH5ZxhmNpRwlL/t4kj/1hp6fe/ipiPSxv8y/LX1Z+Tj327R/31RJTP4qPvr/t0ECdf9upP++qj/h/h/yKenyrmgsR9vNPj/1hpuz97/DT/wDa5oAROrbYqSnSfOu5f4qRIaAG/wAf+xTacerU/wDi/wB2gPIwPGHhz/hJrGJYLn7DqdndRX+nXaqu+K4ibejv9/crJvRk2fMrtTE+L+q6zcp4atvDepWXjL9006+UstjBE8u15ftH3Wi2JLt/i/2a6OT7qVzXirwDpXjBlnufPs9TiiRINQsZ2ilt/m3p86/Kyq/z7GRl3fNtr4nPuH6OaQ9r/wAvI/CfTZXmlTBy5ZfCbnx28JR+MPhf4js1jV7j7K8sTbfnaWJvNRE/3nREr4wWZZoop1+5Kqy/99V9O+JvFXxR0fwrqemWui6b4tupYHt4tUt7pbKX50275bdvk3/7r7W/urXzvbeA/GNnZxKvg7W32rsVfKX+D/ge3/x+vypZNj8LTdOcebU/VsBnWFkubmMms7xA0s1msEcvlvPPFb+an30V/vt/3wv/AI/Wp4t8L+NfDfh+XV7rwnJZ2UUsUUs13dRO8TSvsR3SJ2fZv2Jv+7udapWN015YxSzp+82/MjxbNjfx/L/DXHVwVbBSjUqxPeoYyjj4yjTkT21vBZ26QxxrDFEu1VX7qpXe/Bz4S3PxZ/4mU7fZ/CiM6LcKqvNfsj7HWJ/m2pvR1Z2Tc6qyr97cvneqab/alhLAkrQ+Z8jOv39lfQv7J/iZrrSdb8O3a20N3Z3T3sUNurJC0Uvz7ET7ip5qSoqL9zetexksKdWpKdT3pHlZ1Ur0qMY0/difXHwf8A+HPBfg+0sfD2lW2m2ixJ5qwr88r/wPK/32fZ/Gzs38P92sLwz+yH8NPDHiiXXLPQPOumlaWCG+nllhifdvd4omdlV1dfl+T5f4a3fhprfku+nSN/tRV6Wj1+g06VOUYrlPzmVacZc1yi+j2czK08EczxfdZ1V6uww7F+Wpn+/RXSoRhsYSnKoRP9yvH/2sWWH9n/xqrKu+XTniiRv4JXdER/4/43SvYJJPLr5//aa1qPxFf+F/AEHzy390mq6iqfcisLVkfY/8P72XykV/9hv7ldFJc0lGJy1JcsJSkcsu6GNA331X5v8Ae2Uv/LN6ezb5Hpn8PyV9XD4D5GcveG7djfxU375T/aWnJ/rP9ih0/wB2atCB2dn96mbv4/1p/l/fpHbYvy0BzIV0odP4f4qG/c0J8397/gVBYOi1DQ6fN/DUzv8Audq0AMT76f79FCfe+b/ZooAiT+CnTbf4ahT+9Q/3t1SBLH/rDQm3d/FUfnfd+6j1LQAJ8y1Iv3v4tlRr935vvVJvbZt/goAVG+/UL/8AoNL8u3+KhHagCHVNLtNcsZbbULaG+tZF2yxzRLKkq/3XVt6NXLx+GPEXgvTrr/hBfGmt+HEiilaDTJpVvbLdt+RfKlR2Vd/91666quq366Vpd7cybdlvBLLL/wAAR3f/AMcSuStTpyjeUTppVKkPhkfMtt+2z8XLzT0ZvEemwuyruMOlRb1b/vvb/wCO1x/ij43eP/HGr2Wp6r4zvY7uwnS4s3tmit0gl/gdEiRV+VHdf4m271/javOdNZ49Ntx03Rq3/fXz1Y8z2rwOSNzaWKrc3LzH2T8Pv+CiFxoekwW3jPw1ealeKFR9T0Lym3f32aJnVVbf/dbb/wCgr0mof8FHfCrxItj4O8SXkrfwTLFEn/ffmu3/AI5XwpVDV9UXR44mn4RpVRv+mfy//YVnKnGJ00sXUqe7y+8e+/HL9uD4g+ONHltdJ+z+DNMlXbssZWlu5d/ybGlbaips/uorq38VfGurLLNdMI2byokSKLZ8/wAn9/8A4F87/wDA6veIfEA1SSaLI+ytLu3J/dRdqf8AfX3ql8N+F59WkS4mVobRlbbK6squqMu9Uf8Aib5q82VSMpcp70ealT5qpU8MeFm1SZ2lbZDF/rHX+L/Zr02GGK2jSGBVhRV27FqrZ2q22pSrAiwosS/In++1XK9SnT5InzGLxMpyt9kV4Vmh2ttdGpKKK2PNCmeZRJRQA+OmeZRRQKXwj46Z5nFFDdKBS+FB5lHmUUzzNi7m27F/v0Eq70Jqs6JaT+INZTTdKRbm9VVaV3T9zAn9+V//AGTZ833f7qtkPP8A2paMVla2tY93mSj77J/s/wCx/tV7h8HPDEHh7wnb3KwLDd36pcSt8ybU/gT/AL4ff/wN64cRX5Y+6fb8PZTHH10qnwx3L3g34XaZ4baG5n/4mWpsqf6XKv8Aqv76RJ9xP9/73/oFdn5dHyojt9xF/jotporqJZYJVmVvusjb0evBlUlKXNI/fsJg8PhacadKPKOooorE9IKKKxfGWtSeHvDuoXkS7p1i2QL/AHpZfkiT+P7zum6t6UeedjmxNWNGlKrLaJ1vwK0tNW1bxL4sb50ll/sqxfd9y3if96yf7DSu/wD3xXrbfdRPNrB8C+EV8E+DdE0OJ2d7OCKKV92/dLt/ev8A8Cfe/wDvvXQJs/ir9GwlP2VKMT+XszxcsXialSX8w7+L/PrTEff97dTn+81Kn3v4q6zyRP8AaRtlO/75pf8AZ+WmfxbvmoIJE/1VC/64fdqLHzbW+Snfw/w/5FBY/Z9zd9+h9v8AuUz+JP3fNPT/AF38P3aAH+X70kn3U+tEf+sNNVHcv/HQAfLuZvKaj+H5qPm3/wC9Qn7z5aABId+35mp38P8AtxNTX+6+9aP/AECgs5H4v+Npfh98N9d1+GJZprOB9vy79ruyxIzJ8vyK7o7f3lTbWL8Hf+CbfhL43/CPwz448X+NfFt/4q8Radb6q01peRPDF5q70R/NiZ3dUdN3zruZG27a7nWtFsfEek3um6nAs1ldK1vLE67/AJWXY+z+6+x/ldfmVvmWvl201HxZ8F/N8F+E/wBpVdA8OW7MsWlzOrvZo7PvVHV2VXV9+7a67W3NtWvnsypz5ouJ9ZldSnySib3wyfXPEnhn4xfCvV76XxDfeD559IttTuGZ5ZVillRF+Z92xXt967/uq+3+Fav+LfBFnd/DrSvF2lwfLeLFdXCL92JZYk+5/sK//odel/Bv4a6R8O/CrpY6m/iO4v5WuLzXHkV/t8r/AHJd6u67fn3r87fM7NubczNJ8IrVbbw/qfhy5VZn0bUbiyaF23u8Tt5sTf8AfqVE/wCAV+acX06lLD066+z8R9jw7iorFzpR2kfL9aPh/wAR6h4D8T2Wvaavn3cDPFLbsy/6Vbv8jxfxbf4WV9nyMit/Btr1D4i/BCfSpHvtDjaa027pbH5t8X+59/cn/j3/AKFXjz/udyuuxlr4HA47klGpSkfplfD08RSlTqH298P/AB1p/jPS7XV9GufOiZU+6y74pf41lT5lV1R03fO397+NXb3Lwx42g1iJIJ2WG7X7yt/FX5gaD4i1zwbfPqHh7UPsE7K3m/KzLKn9yWL5Fb/Zf5WXe21v4q9Y0X9rqfSrVF8S+Gp1SL55b7R5VlR0X+Lypdjr/ub2/wDiv07BZrTqxUZS94/L8wymthZc0Y80T9Ekmp7zL3r5Ktf2qJdH0d7xtD8TJaRRbma+07ZDFFt+/wCazoqp/wADqp4d/a08S/F21u4vBltolgkXyS32oXi3E0W/+P7FF/47ul2V9PT9+Sj9o+XlKMI81j6N+I/xH0v4faJLe38sk00u9bHT7f8A4+L+VvuRRRfeZ2/75VdzNtVWZfnLQ7HU7jVNW8TeIWjm8TazKjzrC2+GziT/AFVrE/8AEkSO+5/43dm/jV6NN8N/ZtUbV9a1K78R+I5V8ptW1DanlRfwLFEvyRJ87/Iqb33vuZq2JJv7v36+jweEUPeqfEeBi8V7T3aew5P72aa/3P4fm+ahn+Z6f/4/XpHjif7XNMk7U2TtS+T8nWqAdSY/2f1ok+8lLQAn+9tek8z5sLTXSnPuSgA8z5sLS/xf59ah2fxblenv/s0AOT/W/eX5WopY/vD/AHqKssqbv4afL/rKif73T71Mf+9WQEyf+Pfw05P7y/fqFP71PR6AJvM2pt20jt9+kT5f71D/AHXWgBfO+/S/xf59abSR96ABvmSuD+PGuLoPwh8UT42NLavZR/L/ABSukX/s++u9/wBuvA/2vNeEPhXQ9IV9j3+otcFP+mUSvv8A/H3WuXES5acjWl1PmdEWFVjX7i/KtLuWmeZ+VHme3NeGc8pe8TVxHjjQ7ubdJb+ZLA21pVT59rpXaVS1q8+x6XdTfNuVX2/7/wDBUVo80DvwlSUaseU6/wDZf/Zb1H4y3y6lqksmneGom+abGyW6T+BV/h2b1+Z2/wDitvsn7Yfg3TPBl54FsdFs47Cxis7y3iihXf8AJui3/wDoVbf7A97fL4fa2uuYl81oPn/5ZS7H2f8Afbu3/A6zP25NSW4+Ifh+yV96W2nPLKn8KtLL/wDEIlfkEcdiq3ENOg5fu49D7qrOn9QqSlH3j5vSFUkaVFXc23dTv+WO7vTPMokr9iPzcJKKKNzUE8wUUP8AfoT79BmFFD/fooAbTqbTqDazYVTuLRr4BT/qV+bb/ef/AGv9mnXFxbW67JZF3qfurw//AHyvzUfa55tvl27bW/imbb/4796ldGsaU4e+WGhWaJ4GTejK67f9iuw0P4qa5pek2WmfYbTUpYtlvA3my+dL/Ai7F3ozfcRUVFZv/QuHuormTfuuVhT+4sf/ALO1bfw90PRNY8ZNNrN9DLZWFr57RahdRbHldti/x/w7XauLFRXs+ZxPq8hqVoYmNOlLl5viPUFhtJo0ufGGvWEs7fvf7LW4WK0i/wBl137pX/22/wC+a3ofH+ix/uraeS82/dS0s5Zfk/4AjpVW11/wRo677a80S2X/AKYtEn/oNSv8UfDEKpt1WOZNv3YopZf/AEBHrwD96o3jFOUjfsNYj1J/ltbuFP79xA0X/oVX1+/XHf8ACztD2fJ/aE3/AFx06V//AGSpl+ImnzNtisdZd/8AsGS//EUuU641o/zHV1kNajxJ8TPBWhsm+KKeXWrpdv8AyygX903/AH9eL/vis7/hPIOCuj63MP8AY06Wm/CLxmbr4jeKteHhzxFeJbwW+kRfZ7He8W3fLKr/AD/I+94v++K9LL6fPWjzHyXEmM9lgpQjLWR9MOfMb+L5qfH/ALqvXHf8LI+7/wAUh4rhT/sGL/8AHaePHzv/AMyn4mT/ALhy/wDx2v0GEopH8+SjJvU62On/AMVc5pvieXUrqKBdE1uzRv8AltcWqxIn+/8AO+2uh/iH3qObmM5e6Im/5Ken8FMHVaOP84pjJJv9dTvlo2tUNBBL/q/r/wCg0+L/AFlV0+eLFTQ/eoLGb/3X3qd916Tf9yo0wm/+/QBI+/mm/NtbbT/4v8+tRL912+agCXfuNNj70kn+sFN37f71AHAfHzWNT0H4Q+KrzSW23sVm21/uOqPsR2T+66o7ur/w7N38Fd/+yV+yl8APHX7OfhDUJ/Cek+Kb7V9MVtR1GaV5ZkunTbMiur7otr70VF2suzd97c9cn8UrDW9Y+G/iC20RtmqtausG/cN399f4fnZNyK/y7WZW/wBteS/Z5/bI+F37PP7P2leF/AfhfUr/AOJl1FtvNLS1d/tWo/Mjyyy/eZW2o6pErMqMq7V+Zq+azJT9pHlPr8rlBU5XMr4C6e/w7+LXxX+G9pdz3mgeGdVZNO86f54omllTY/yfMzqibvu/MjN/FtrvNVuF8DfES11mdvJ0fxAsWn30z/IkV1Fv+zyv/D+9R3i+X+JF/v1zH7Pnw31nwfour694nl87xl4ovG1XVndvnV3d3RXRf498srN/daXb/BXqWr6dZeINJutPvbaO7s7hXikt5l3pIr/I6vXLjsp/tLASoVPtGUMw+q4721P7Ju/fh+evJvi18KbXV7C41XTIlh1KJXlZE/5ar/u/3/8A0P8A9BuW9t4x8DxpBpUsfjDSl+SKHUJ/K1CJP7nm/clRf9ra3+01eb/Er9obxBZzXGgr4PvtGu5YEll85ld/Kfem5X3urJ8jqr/3lb+5X4HU4TzHLq/Mv4Z+wYHPsPi4R5Ze8eVo3zU24to7m1lglXekqvEy/wCw6/PXOzTatHeHU47FYrVYtstl5vmyyxf3vl+VWX+H+9urfsLyDULdJ7aTejfd2/8AoFevLCVcPyypSPZ9vDELkqmvq3xG8S+MPBlh4R1m1sYbGzaJZbpFZ5b6KJdibv4fv7HbaiuzIrf7NQ6TrN94X1u31rR/Ki1WBv3W9mRJYv44pf7yt/4621v4VZc681KLTUiVopJp7htsFvCu+aeX+7En32eo7nUZtAuJbXxBD/YOpK3zaffbotqffR0dtysjfwursr170K2Y1Jxrxi/dPAqYbLacZUZSj7x9a+B/ihoPxCsYp9Mu4kvWi/f6ZcMqTRP9x98X3tu9flddytXW/Pur4y+HfhW5+KPjy1g09FXSrWVLifXrHd51rsZXdYpflRZW+6vz/K3zN9xnX7Nb9593pX61lOKq4qiqlWPLI/Gc1wtHC1pU6UuaIfM6/wC3RQn3Nu5qP4futsr3D54TZuNJ/rnT71G7y4v92l/5ZL92qAZ9z5qZu/iUtU2/5W+VaR5Pl3fwUAJn/ppSo/y7qSl3/L04oAP4/v03+L+L/Jpjv8tPTbuT/ZoAmh2f8D3UUI6Ps/g+ainygZ3+f9+l8z/x2mf7/rT3Tdv2/cqCxEhpf4nVtvyrTH+Rqenzw0APX5v71Im7+61MT738VO/g+9QBIv8Arh92iP5F3UJ/vU1/lWgAkr5T/aw1N28f6FZf8s4tMaZU/wBuWXY//opa+rQn36+VP2ttPeH4g6Fd/Nsk01ov+BxS7/8A2qlcuK/hGtL4ZWPFqbJMqLud1RP9v5KdXHW3iHQ9R8VGDxHc39joiq67tPiSWbd/B8rbF/76r52pU5TTCYKWKkdesyzLuWVX/wB1t9YXjiZrPQZdrcvKqf8Aj3/2FcZrWtWOj+Jpm8MXF/NpisnlNqCqkzfL/Eq/LX2DJ+wl4+8c6Joktvc6XFFqOmJqCtMssTxS7Ud7WVPm2uqP8rruVtjVzVa3NA9qOXVKNaMlrE9P/YN0GWx+HiXlyrI9wzOu/wDuu+xP/HEWvCP2iPFy+NPjR4nvYpfOtbeVLCDO5/liTY//AJFeV/8AgVe9N8XLH9n34Uan4cu9Pk0fx1YKlvBocqrvllddqXETrvWWJkR2Z1f76OrbWevj2GMwwKRL5z7t0s333dvvu3/fdfA5Nl1aWZ1sbXjZbRO/NK8aeFjSXxMbT6Z5ntTHdUTczbF/vO3yV+mnxUITkTU2qba7bSLsjxcsv8EMTP8A+PfdpnnX83ESRxD/AKaybm/75Wp5jX2Evte6X6bNLHDHubai/wC022qjQzzKyzXDNu/hi2qn/jv/AMVUUljptiqvKkY/3vmZv++qXNM1p4ePw8xY/tK3kk2JNuf+6qs3/oO6q76psVpFtp9q/eZ9sSf+PUqXEjJi0t/JX/nrKuz/AL5X7zU5NOWZ/MuWa7Zfu+d91P8AcX7tT70vhNeWjS+IittWvb6R/JslRT/y2aT91/6D83/AaZNa314q+ff7E/uxLtX/AL7+9WqlJR7P+YxeKhD+FEpw6WsUYRLiSFf78Sqn/oKbqd/ZsH8Us0/+9K1WqKv2cTB4ipMq/wBl2iv88C103wzh0rTfHiQX9lZ3EV/A0EZliV/KlRt6bPvfeRH/APHaw6bcwJNbou5oXVkaJk++jp9xk/299Z1ablT5T2srxqwuJp1Jn1FbWFtCn7q2jhT/AGIlSrEcf9z5P+BVxHw08d/8JNo9v/aG2HUNzxNM25PtWz77xN8is6/fZF+7uX+9XdR18tKMoy5ZH9K4GpTxVKNSHwyAfL/FRSZp6Y31B28kNirqupQaVYXd5O223tYnuJW/uqifPXW/Avw/L4f+HdtNL/x+6tPLq9z8qo/mzvvRH+/91Niff/grzrxBp7eMNc0jwcpaN9WnSW+ZW2uthE++Vv4fvPtiX5/vS19FoiwqioioirtVV/gSvrclofFUkfi/GGPjKpGhD7JP/wB81F/F/FTPMp/8X+tavqz8pJf40o/iqN3p38D0AO/3v4aX+L5aPr/wCjf833aAGPu3/Lup3l01/lp7v8v3qAE8upE27h/A9M/h2/NTE3UAPT9581JSpt82k3rtf/x2gAQt97dQv3BRQjt869qCxj/9907/AJeP46a+3zaWgB0bs3DVAmm2lvdS3MVrBDdyrsaZIlR2T+47/eapCPn+9Uit9/7tTPk+0XGU/skq/Rahk3JRHumX5VZ/+A0OzfxKyIv96sPrFGn8UyuWYr/3s15d8dPh7J4q8Opq1hCX1rRt8tuiKu+6if8A1sX97eyIjqm/5mRV/jZq9JkvIIfv3McP+9KqVWfWLGH5mvrRP96eKvPxcsPiqUqcp/Eelg6lWhVjUpnxvbTQahBFPG++GVUdfl/grofhH8J9D+IWu+Km1KTULMW8dn5b6fdNF+9lSXdv+8rJ8i/J/vf3qz9efTH8feJYNIuVm0qK+fyGt23p86q8qI/zfdld0X/cT/eax4B8Sa54Z+IWlRaLd7zr1/b2t1p80StFLFFv82Xf95XRN7799flOX06eFx8qVT3on63mFWrVy6NSl7sj6N8D/Cbwx4ADyaRYs+pMzRNqF9K0txt/jXzW+RU+RPkVFVv+ArXVX+lWOrRpBfWdteRL9yGaJZUX/vrelSpCy/di+T+9T969lr9dpQw6jy046H5BVq15S5qkveIre1gs4fKtoI4Yl+7DCqIif8AX5at7mqGP79G5q9CMYQXunnzlKXxkn/A9lOkqGlf/AGfnpmIqP5f+29MT+9S0m/casA+b5/m+9T3T+L+CmffX+5Tn+7L96gCR42XP8dNl/wBZUG/ev3lp2z/boAn/AIf8+lCf6qof9zc9Cd/7lAE6feWiiH/XUVYGcj/980dP+A0mz5k/e1I7/LWRYkkny/NS/wDodCf6qmJ93/doAlj/ANYaa/zUQ/6mjnyt1ADv4dtLSJ/H/HR/efbQA5If/Hq8S/aj8IjWfA9nrcMHnXGh3Lyvs/54Srsl/wC+XSJv91Wr21uM/dqtqFtBqVhLZ3kEVzaSxPFLDMu9JUdPnV656tPnjylU5ckrH5y61ctb6Jeyq3/LN/8Ax/5P/Z6818M+DNc8beIotM0LTbvWNQmb91b2MTTO3+7t3NX2BJ+zBc6n8dvDnhGSKSbwjrV07Leo294rOJfNlib+LeqbFV/4ldW/vKv6LfDf4P8Ag74V6X9m8JeHLHRIW/1vkxb5pf7m+X52bbs+Xc7bK+TrRlKpyn1mBiqNP3ep8g/sn/8ABPtfDktl4l+JcEFzeqqNBokLK6xO/wBxpX+dWf8Ag2K+3+9u3Nt+8VtlhTbXP/ECPxO2jW//AAhzab/aa3UXm/2pu8nyt373Zt+bfs+7/tVz/ir4i2vgnxLcQX2of2lNdRRJY+G9Ltml1B5fn3t8jvuRk+RXZVRXRtzfN8se7A65VHLQ+U/+CkWq6LeXnhLQ1gX/AISVWe9l1CFVSWKw+5t/vMjOm/Z/B5W7+Ovi9riG2VYU/wB2OKJd7/8AfNe4ftkWPi/UvjQuueJtGl8OQ6tp8X2G1iuluMRRM6OjypvRXV33siuyr5q/N92vFI1ht12xwKm3+Ife/wC+/vVtS+H3T57HS9/lmUmmurzlY1sV/vS/M/8A3z/DUy6NC0itctJcS9f3rbl/75+7U1zfwW/+sl2f7P3n/wC+Kh+2XE2fs1uIV/vTNs/8d+9XT7v2jzoyqfZ92JZSPbHtVVRF/gWqVzqsMLNHFuml/uwrv/8A2amjtHb/AI+ZBMufur8if+O/M3/fVSQwwQrtVdq/7uxKom8IfE+Yrf6RcL8wW0T/AL+y/wDxK1Nb6Pbea8uBK3ZpW3P/AJ/4CtPb79FPlZlKu37sfdHfw7qb5ntRRVHLq9w8z2ooooEHme1FFFABTk/1NNo2ecrr/eXbUz+E2pR55xR33wp8TW2m+I7jTJ2WXTL7ZLFN8zIt1t+Zd/zL86Lt2f3kRf4mr22OvJfAPg2y174efaY1WG61KxihkZdv/HxE7pFL/v70T/vivVdP8/7BaNcrtu/KXzVT7nm7Pn2/8Dr5Ws+afMf0zw/Tq0sNTpuV1YsVW1C8g0uzmubmRYbeKJ5ZZm+RNiJ87f8AAas1z+laOnxj8ULpCs3/AAjWjXCPrTfN/psqbHW1R/7ib98u35l2Kv8AdanhqEq9Xlid2b5jSy+hKcviOx+Avh6a8iv/AB1qUDQX2tqkVlDMuzyLBPniVP8Ablb9638Pzr/davWf40pqIqoiqmxFXaqr8ibKNy1+j0KUaNOMYn834zFVMXVlVqDvLoRPmpf9+k+Wtzyh8iL/AA7qf/4/TE+VqKAH/do3+ZDTqbH97/boAJPnb+Kn7fm3LTN/zUf7331oANnzU6ot7bqekyR/8BoAc+Nr76Zs+XdTF2/8DoXbs/ioL6ki/wAf+zT9/wAv8VYPizxfofgrS1u9c1K30u1bmJ5pVR5W/uon3mf/AGFRmr5v8fftlXVwr23hPT/sFu2z/ibagvzt/wBcrf8Ah/j2uzf8Brza2OpUI+9I9bCZfXxcuWnE+ntW1bT/AA/Ztc6hfQWFpF8zTXcqxQr/AL7vtVa8f8Tftc+B9ElaHTXu/Es67f8AkHxbId/+3LLtVk/213f+g18n6zdeI/iNqX2zUk1LXbpVV1mu2+RP9zdsVU+T7ioq1mXUN1p9zLbXUEltLFs3W838FfKYvPKi/ho+ywvDHIuaue5337WPjrxPqkNjoOi6JpD3EqRR/aGa4m3v9zf91F+f/Yrtbebx1qUKtf8Aj/UN3/PHTLaK3SL/AGE+Rm/8er5RheW3mSVWaFlZGV1bZtf+/XoOi/GrxFpa7Z/s2qIo2/vovKb/AL6Xaq/9818jj8fj8RH9xU5TrxGS04fwonstx4P/ALSdmvte8Ralu/5+NYl2f98K6LUUfw18Pb9z2ckw/vzXUrf+hO9chpvx90mbat9pt7Zu33miCyp/49t/9BrpNO+L/hPVFVl1eNGb+C4Xb/6Fsr4TF/2spcznKR5UsHKPxUyx/wAKv8Kj72g6f/wKJXqvrHgnwdouny3d3oGmrbxLul32qv8AJXRWGtWOpLutru0m/wCuMqv/APF1NfW0Go2csFzAs0Unyyq/z/J/drzqOOxtGrFVZSsRClyP4Twnwu0Frp6aaqtFLaysvkzMqP5W93R3RfuvsdPkrofCvgnSvGGrarPq9qt59l8q3gV5WRIt673b5dvztv8A+A7K0bn4WyafLL/YmpR2FrLKzfZL2JmSJ3b59r70f/vrdXW+C/Dp8M6a0T3LXl1PK8s8rrs3S7UT5U/uKiJ8n91K+pxOLowhKrSqe9I+mxWMpywkaUfiK1t8NdK01t2n3eraQ/8A046nLFs/8i7au21r4u0q3Kad461qNV/6CCxXq/8AkVN3/j9bfmf3aPMr5Wnn+ZYd2jUkfJyoU5ayiR2vxA+JOleWLiXw94jXv50EtnM//Aldk/8AHa3NP+Pz2/yeIfCOraVt/wCXixZb2Ff+/Xzf+OVkvjf1pu5a+gwfGWY0v4nvHNUwVOX2T1Dwx8RPDXjZmXRtZtLyVdu6JJdkq/7bxNsdU/22Ra6L/rltr541bQNJ1eZDd6fFcun+rl27JV/2klXay/8AAWWvL7/9ozxV8HfFk2kW2qReLdCiVR9n1OZpZondfnVbhdjO6un3m3KtfqeS8TRx65Z0+WRwzyup/wAu5H2qj/PzT1f5q4f4W/FPQfitoov9KnZJY1RbrT5n2zWsv9x/u7l+/tdU2v8AN/dZV7Xes3+xX6DSqxrR5ong1KUqMuWY3+58v/j1Sf8AfWymfLt/io3+d833a2IFT599PT/a27aRX2S0O60GQxPk/u09P/HKE+9/fp6fP/DVmpJH/e2fxUVKiFP9uigyMVP/ABynp+8+WmI/977tP3/7XyebWR0Ddrf3qVN/FKn7v+LfuoR1H/oNAD0/13zU3f8A3vnpPMb7ny05Nu6gBq7NlO3/AHKb/H8336fsZ6ABE+Wnfxf59aan/fFJ8u6gCPwDNB/w0doSzsuz/hHbz7Kr/wDPX7Rb+b/45sr6rh/d7P6V8Z+L/DepapLpmq6Jexab4q0ef7bplxMu+Jm2fvYpfvM8UqJtZF+bb8395G96+DXxr0/4lWsdjfW40LxbZsi6noNw2yaJvv8AmxfcWWJt6bXXcmx03fM+2vmsVTlCpKX8x9JgakZU+U7Gx+Hun+H/AA5qOlaDLPo6Xk8t1LNDK0svmytvdk83cq7n+6iptT+7XmWqXUHw31CytfAuhz6rcS32/XZksZbq7li2v/y8NsVpd/8Az1l2rXs2qTXSafdtYeW135TeQrtsTzdvyb/9jft3f7NZOi3HiBPBi3mrafbyeJFtnaXT9PlZoXlRX/dRM21trP8AIrttrzZRPRPBvjN8M/GX7SnhpNGufCem+EreKdZ7bU9WvvtF9ay/34oovk+ZPk2NLtbdXwt8XvgP4t+Cd9LbeK1aTTZZdkGrWo32kv8Ac3uvzK2xfuMq78Pt3bd1frh4Yv77XPDdrfarpcmiXssSPLp80qyvbv8A3N6/I23++vyVi/E3wDpvxK8G6r4d1WJJrLUYHglYttZX/gZP9tX2Or/wsitRH3PhIqUY1fiPxst7SO2jHlxxwxt/Eq/P/wB9/eqWTtVzxR4D1H4deJtV8OaigsNT02d7edEO9Jf7jojfwMmx1/vI6NWanmIqbmV3/vJ8ld1OXPE+Rrx5JSjKQ+meX707+H/PpS1scAyiiigA/h/z6UUUUAFFFFABRRRQAUeZ7UUyPvSLp/GezfAeZpvArq33Ir64Rfl/vtv/APZ69IrzL4CXSv4X1KD5d0Woys3/AAKJHrsNLh1X4nXr6f4alks9EVtt94k2/Kv9+K1/gll/2/up/tNXz3sKlWrKNM/ovB5pSy/LadSpL3uUNl94616Xw9oc/kvFt/tbWUX5LBX/AIU+7ulZN+1Ff5fvP9xnX3bw34bt/C2jWmlafAsNlbqiRL992b+Nnf8Aidn3uz/xM7NTPD/hvTPCek2mmWMC20EXzfIvzyu/32lf7zO332dtzvWvX2OBwUcPG7+I/Js4zmrmNTmfwhSf8tvl3Ujjf8v8dP3N616h8pzhjdsoTd/dofbQn3fl+4tBII/zf7lPR1/u1HvT71SI/wAtACUqPs+Wk/ip/P8AwNaACk/5bfNTE/2qH/3aRYrfP827/gFO/h+b/gVZHiTxVpHg/SXv9Z1W2061XZ++uJVTzf4fk/iZ/wDYVGavmr4ifthTXm+x8D2X2ZW3quranFvaX/rlb/fX+L52f/eX+KuCtjKWHjzSkelhsvrYqXLTifSHibxlovgewe+17UrbSrRfl86aXY8rf3UT77P/ALCozNXzZ8Qv2w7q53Wfgyxa0Rv3UeqahFvdv490Vv8A99/O3/fNeF65NqGsao2q+LNZuX1KT7rXDfatQdP7qxfdiX/vn/dqO11htNX/AIktoulbvvX03727l/4H91f+A18li84qSf7v4T7jL+H6cPeq+9I29Ws9X8R3kes+L9e+wzSfN9o1CRZbtk/2E+7En+wv/fNWNO1rwdoKiWxtri/uP+fjyGldv+By7F/75rjJF8+4ed900z/emlZmdv8Agbbmanbmr5ipiueXMz7jDwjhY2pxSOxu/ihc3RCWOnLCm3711Luf/gSrt/8AQq5S6uJbyWWe5nkmu5X+aZv4qhorjlVcjadSpP3pBRRRWJAUNn+L56KKZPJGQ2OCHc+II97f7OyrdnqN5Zf8ed9e223/AJ4zsi/+hrVdEHmvSf7v4UlLmfvIwlh6Mviiba+MPFEP+r8R6kv+/Oz/APoVTJ8RvF8K/L4iu/l/vxRP/wCyVz9JT/dS+KEfuMfqVH+U6mH4qeL4m/5DbOn+3bRP/wCyU5fix4xT/mPf99WsX/xFcpRS+r0v+fcfuD6lT/lOpk+J3jYN/wAh0f8AgLF/8RUVz8RPF9x/zMd2n+5FEn/slc3RJUU6dKL/AIcfuF9So/ykeq/EPxVcyPbXuualsXd8qytEjJ/H935a5NPl/j2V0Otad9siRl/1sfzRf7X+zXOLMjxo/wAyf7DV79H2XL7seU8yrQjTkdd8MviJqvwz8UQa1p0qpLGNjQs7eVLF/Gsv95G/8dba38K1+hvw9+IWm/ELw1b61p8qokqp59uzNvil/jV/uf76v/Erq38eyvzG3NXpPwD+Ls/wl8aRTyln0W92RalEi7/k/glT/bX/ANBdl/ir3ssxsoVPZy+E+bzPL4Tp80fiP0gh/wBYaHb5QtVLC4gvILe5glWaKWJJYpk+dNj/AHH/AO+Ks/wCvvac1OOh8DUjyaAm2H/bpajTajfJSuflf5qZA+nIy7qYqf3qE2o26gCyj/3fkopqP83996KsDG3/ALr+Gn0z+/8AwU+siw/jf/rlTo1PztSv9+mJJtoNeUsR96Y+3zaZ/wB9PSr9wUEE8f8ArDUXmbN9G5fVqP4X20Ej40+f71Hme1J/FtpaAD+9WR4m8L2fiKS1maWew1WwbfY6xp8vlXtq/wD0yl+dtrfxI25W/iWtqT73+xTfl/h+Ss5U4TjyyNaU505c0DZ8AftB6l4Vu7XQ/iUYPs8rJb2Piu3i8q0ld/uRXUX/ACwlb+//AKpv7y/dr6LV1mi3L9xq+RvEV3HdW8WiQaX/AMJJqeq+bBa6MXX/AEpEXfK8rv8AKsSo/wAzt8vz7fvNtr2T4AeC/F3gDwy2i+Ir20vLKL5tPhhlllls4nd3S1aWX55Ui+4srbXZX27flXd81iacadTljI+mwtSpOPNI7fwnceI7rV9dXXrG0s9PWfbpjwy73li+dN0v919iJ91V/iX+FXboHT5akj70Sdq5TqPkH9uj4DN4i0FPHWk23m6rpMW3U4olVPNsN33n+67PE7O33vuuzfwKtfADfvPm+V0b/ar9sry2iuIHiba6Muxlf50ZP7lflD+0x8G3+C/xQvdNt42TQb/fe6U25XVImb54k/i3RO6p83zurK38VaU5ckuU8XH0Pax9pE8rf7v3aZRJTXm2fdrsPnCOb/U0+jzPaiggKKZ/uetPfbu+SgAooooAKKKKACiiuy+F3w9s/iXrmq6RLqEum6lDp/2jT7iF/kVll2uzp/Emxv4dtP8AwnXh6XtpF74CeGLXxh421DRtV1CeHTWgTUP7PhZUS8libytkr/f2bH3si7d/8X3Fr7O02zttNs4razgjtrSJUWKGFdiRJ/dRK+aPFHwX8Q/CbxFpni3wLHcazFYMgn0+be0v3Njqn8TrKjurIvzLv+X+Hb9D6BrUGv6Na6jaxbFvI1ZYbiJlaJ/41dW2tvV96N/tV2YSnGMpNx949nE1Ks6cYc3uxNdH2NR/s80xHoX73zbq9Y8gm6f7FCP821vnpj7XbdR0/wCA0Ej5tv8ADQn8P+1THf8A3aPM9qAHfwfepU3fPRx/nFN/5bUAOX/Y/wD2afJ8838VVb67g02zmubuaOztI13SzTSqkUS/3ndtiqn+2z14P8TP2ttJ8NxpbeEbaPXrt2RG1CaVktIn/wBj7jMn+6+1v733tvLVxNGlG9SR2YbCVcRLlpxPeNR1jT9CsZdQ1K+trG1jXdJcXUqxRL/wNtqr/wB9186/Ez9r/TNMaW28IwLfyrvVdTuFZIt33X8qL7zfc+V2RVT73zfdr5x8aeNfEvj66a58ValNeSs7vFbyxbIov4/3VuuxV+983yLurPhupIcNBus3b703m+bM/wD21/hX/YVVr5PF5x9mmfbYHI4/FURY8Ua1rXi/VY9S8W6rdXl6fmi81llmVP7kUX3Yl/2NirVeK5lh3/YY/wCzUf703m+bdy/78v8AD/uLtpkMMVsmxF2fxNTo6+RqYydaVz7ShhqVCNo6DLaGCL/Vr975mb77t/v/AMTU+m3N1BbLunlWFP8AafZW94e8AeKvGC50Pw1qmop8n75YPKh/7+y7V/8AHqVOhXqv3Y8wVMXQo6ykjDojr2nQf2RfG2qx79T1DSdBVtn7lGa4m/8AHdi/+P8A/wATXa3H7GOmLo96y+KtUm1ton+yzOsSQpL99GeJUdmT5NjfP/tf3Vr0I5LiJR5uU8ipnWFjLljI+YaKua9oepeEdWu9M1W1+x6nattnt93+qf8Agf8A2kZNjq6/Kysjfxq1U68WrSlRnyyPeo1Y1o80fhCim+ZTqwOgKKbRQA9Plpv32+78lJR5lADqKb5lOoAKKKKd2AUUU3zKQDq5zxDZ+TIlyv3GbZL/AL/9+ujptxCtxE8DfclXa1b0KrjI5q9LnicfRH9ymMn2ZpoJPndW2t/8VTkb869XmafMjwpxXws+1P2OfiauteH7jwlfT79Q0tf9D81tjy2r/JtX7jfK+3/gLov8DV9KIz/dX5K/L/4aeOZ/h7450fXoHZEtZ0aVNzJ5sTfJKv8AwJGfbX6bWN5BqVnaXVtJ51vLEksUyf8ALWJl3oyf7yV99lOI9rT5Zbo/Pc2w3sanNH4ZFpG3tR5nstNj70j/AD/xV7x8+ORPm+X5KkTb/F92mLtRt23zqc+3+Hd96gCRN38O7/4mimJ97cq0VYGMm3ip6h+0/N/sVKjnd/u1kWPj70P911oR9tI7r8m2gseOq0tR713J/BT/APllu/vUCFdaE3VN5ny1D5n77p8lLmAcn3dvSkT/AFvzbnpU/vfw0fPu/uUwH0n+p+lN3/3aRG/dfxUEmN4m0fULyTStV0O8jsPEujTvcadcSqzQu7rslilRfneKVPkbbtdPkZfuKjd/ov7Vj6fCIPFfgvxFpepRfLLNplr9vtG/2opYvm2/7yq1c2v7nNP3bP4vvVw1sJGrLnO+li6lKPL0PXfh58ffDXxI16TRbH+0NK1qOJZm0zWLNrW4lif7ksUTfM0TP8m5d21vlbbvVW9ISb5K+Rdd8P2evfZLqdprHU7OVXsdT0+Xyru1l/gaKX52T/aRtysvysvyLWn4e+PHxA+HqJbeKNEbx5p0XyLrGhbYtQ2f9NbJnRXf/bib/gNePWwlSi/d95Hr0cXTrL3vdkfUz/6qvmz9unwLH4p+Dd9rKqn9oaAyX8TOP+WX/LVG/wBhomZ9mz5miX+7Wuv7anw0tY5BfXmt6VcIv/Hve6FeRS7/AO7t8p6+f/2jv22vDvxO8Hat4O8J2d9I1+nkX2oXqtEkUW751iibazuyJsbciqu/dXLGEjrlKnKnJSPkGTpTP4afJ2pldcT4mcHzBRRRVGIUUUzcvrQA+imbl9ac81AC1Vurz7PIkaxNNKy7tu7Z8n3Pnp7pM6gRuq88q0fy/wDxVJbwzLdO8nlujLtk27v73y/+hVkz0aUYfFIn0mXU9T1S3sYNNla4unZIlhlVQzbf4d3y79iN/FXQeHdeu/hv410zVbu2ubPULORXaxvS0XmxP8jr8219jJvXf/C3+7XPTQpN8u5kZW3K0bbHidPuMr/wutddonx18W2+zTPEcem+MLFd37nWIkd5U/2Jfm+f/bZGqIc0JHq0PZTXNHSR9oaNq9l4i0+0v7GdZra6iSWJlXY/+2rf3WV/kZP4WRlrS3/+hV4B8IPi18P45riKzspPBWoXjJ5tpcTMloz/AN5G3+Vu/wC+WaveY7hXVR8r7oty19Bh6kZxOSrCUZMl++qKtO3/AC9OKbu/ioj+Rf4a6zzx6P8A981L5vOyq7/7NTb2oAMZaimfJt3/APA64G/+KkGo6hPpXgrTZPFerKcSNayKlpbP9zdLcN8q/d+4u5v4a56lWMPekXTpSqL3Tv7i5WGJpZWWFVXe0ztsRErwj4iftceHPDHnWnh0r4m1JWdJJkkVbSN/77y/OzfxfIqqrf3v4Kl+OHwt8Ral8IfFOt+Ktbk1XU7Wxa4g0bS91vp9rs2b22feldU3/O3y/wCzXx9bQoiowTaqf6qZlXft/wCmUX3Yv+Bbnr5/G5pKPuw90+qyvK6eKlzTl8J03jr4ieKPileJ/b2of6Orb4rFYmit1/65W6/Mz/L99tzf7VYVrJJD/qIPJbb/AK52Vptn91P4Yv8AgKbv9qkjhjh85t3zt96aZvnf/fdq1fDPhDX/ABxJ5PhzRbrWEXZumhiZIl/g+eV9qr/us618pKpXxU/d95n3sI4bBU/esZUNtFbb9ir83zN/Hu/+KpJLqKFk82RU3fd3ffavofwX+x7qV5Gt14s1tbFGRWbT9HXe6f7Lyt/sfKyKrf71e6eDfg34O8A7H0bQbSG7VUX7XcK0srfx/JLLvZK66GR16z5qkuU8fE8QUaXu0z448K/Bvxt422NpXhy5htG3bb7VP9Hh/wB75vnZP9tUr2bwr+xpb+XFJ4l8RSzPu+a00eNYoU/7atudk3/7C/8AxX0o7tM25qckhX+OvqMNktCivejzM+WxOdYjEfDLlOK8H/BDwL4J2f2V4asUuIlT/SLhWlmb+P5JZd7L/wABeu4k+6i/3fu0b/3X3lprtu2NXs06VKEeWMT5+pVqzlzVJAv3fm/8cqX/AONVGk1L/tc1sY3PI/jx8HIvidobz6Z9ks/E8G/yri4+T7ZF/wA8pfuLv/uu33XZv4WZ1+Lrm1udNvruxvrWSwvrWV0ntJlZJYn/ALr/AN3/ANmr9Lfkda8w+M3wT0z4p6T8si6b4iX/AFGprFs3r/AkqfPuTf8A7DMvzMv3mVvmM0yuNePtIfEfW5TnEsNL2VX4T4c8z2o8z2re8Y+GdX8B+IBpmuWLWV23zxb2Z0lT+9FL8qsn/fLr91vusq4dfnlWhLDy5JR1P0yhWp4iPNTldDaKKK5zYKKZuWn0AFM3L60+k+7soLH1FuX1p9FABTP4afRQQEdHmUUUAc/4ih8m+hnVP9auxm/20/8AsNlZlbfiiHfYxN/dlT/x7fWDXqU5c1OLPFqQ5akiavvb9kvxl/wlHwjtLGaTfdaNK+ny7w2/yvvxP/F8io2xf9xq+Bq+jP2JPEDWfj/VtIZ98V/Y/aFj3fL5sTf+zIzv/wABr6LKqjhV5f5j5bNqXtKPN/Kfbi/fpiP81Krrup38NfeH56Rx/df61L80cdReZ8275qd5nzf7dWBYR/8Ae2UUiP8ANRVgY8dOjTDfN9+mpubfTk3Kz8VMpFkkf+ppfuy+1QVJ/F/n1rEoen3d1HzL/E1CJT0hoGN8n5elCL7NS/NSYbbsqeeA+SYO/wAzotWI/vPVZP8Adp/z7v7laGYJ/qqH6/7dL839+kT/AFVMB/z+V5VQyfu/np+z5v4vlo8v/wCxoAEfyd60f6w/7FDp/wADNP8A4f8APpSAX7U/95v++q5fxN8OPDHi64WbWdE03UZV2AzSwL53/ff31/77WulfH3/8rTGhPz1nKnCXxG0as4/CeJ+Mf2TvCHiCxaXQkn8Lakq/u5rSWWWJm/6aqzv/AH/4WWvnDxh8OfEvww1D7PrjSRJK2yC9ZWe0uP49qy/Kyv8A7DIrfxV98yfcqjqmk2mvWdxp+oQR3lpKu2W3liVklT/bT564KmEjL3qZ108VGXu1Efnbc6rNYxM89oruv3ZoW3p/wL+Jamjm1Db5qx2rI3z/ACMy769++KX7NN7ocM+q+CkbUdNT5pdEZt80S/34nb5mX/Y+/wD3fv8Ay+ExyIY8ImxVZ4trLsZW/usv8Lf7FebKnKMuWRVSEYx5oxKVtrnns0RspoXjfZKiru2f98/N/wCO0R6oby6eO2aGLbsEXnbkeVP++KmvLJ5pFmgbbdL0Y/xL/db/AGaSxuvtiuzK0TK2ySJ/4XrH3ublkEnT5PaRiSRzSZ2tCuz+9E29Kmo8uitjx6nvBRTJO1FWYj6h1Czj1CNYmG1/vKyfI6t/sVNRUGlKU6cuaJVt5ma4FlclXZ/9U+35JV/+K/2K9F+H/wAVPEPw1lSJLptV0pd+7SbyRnRE/wCmUvzMj/7q7f8A2Xz6+02K/V4m3f3l/wBlv9inC/k837HPxIvzq33FlX++n+3/AHv87cqdSUJHuxlKceen8z7o+HfxG0f4kaZHd6ZLsuY1X7Tp83yTRP8A7afxJ/ddX2t/wFlXqfvMntXwDpOvap4a1aDUtFuWsdVg/wBVKn8a/wAaun3GVv4t3ytX1J4S/aG0rxVpNoLawvr7xK2+KXw/ZRbpvNT777vlVYl/vs6/+hKvq0sXH4ahj9X9r78D10/PLs++/wDs1xutfFTT7fUJdK8P2Nz4v8Rq6I2n6ftdIn/g82X/AFUSN9z5m37v4agsvh/4u+IH73xhqX/CP6K3zf8ACOaJKySsv924uPvN/tJFtT/ar0zw/oGl+FNLSx0myt9OsomYJDFEqfN/E395n/vO3zNSq4mX2SPZRp/F7x57b/CTW/HzJP451LZprbWj8OaJK0Vp/uyy/wCtl/8AHV/2a9N0XRdN8OaetlptpDY2sa7Yo44liVV/2EXYq1znjL4seGvBtwtrfX0k2py/6rSdPia4u5f9yJd7f8Dbatcdda58QfG3ywRR/D/SW/5bTbbjU5U/3P8AVRf8C3PXLGMp/D7zNZXlv7sTv/G/jLw54b0eVvEuoWdnZSqyeTM+7zUddjqkXzM3yfeRUavi3/hnHV/GPiO5fwfDcaJ4OZ99vd+IIPKliTd92KL7zJ/d3ba+pNB+H+j+HLx75YJNV1Rl/e6tqcrXV23/AG1be6r/ALC7Vrp496feqv7OjV1qm1HFzwvN7KR4t4J/ZV8HeG5UudVWTxZfq3+u1D/VI/8AsRLvXZ8n3Gdq9ntoYLa3SKCCKGKJdqwwqqIqf7CLs/8AQKcsLbdu75aen/fdepSw1ClG1ONjkq4qvW96pIR/lp/P+c0ib+KVE3/NXUcQx/8AVUJ97+Kn8/d/e0R96YC/8tqRP71CInlf62jY3z0AHPnbmpryM6vzT6t/N/s0AUnf5UpWfzJae/8ArP4v+A0fx/8ATOgDD8WeB9G8aaT9j1nTIL+3+Z/nX54n+5uif5WV/wDbV1r5P+Jn7MGt+CfNvvDnmeJtHT5/J2Kl9En93Z92VPn++u1n/u/xV9lfNTNrV5WLwFPFR96J7ODzCtg5XhI/M3dEzsq7t6ttlhddjxN/ddG+Zalr7z8ffBfwh8R8Nq2lbb9l+XULFliuF/4Gm9W+98u5GVa+dfGf7KPifwyBP4enh8VWsW/MPyxXCr/uN8rfPv8AnV1b/wBCr4zFZLUpPmp+9E+6wefUa3u1XyyPE9q0+jUrG40C/Flqdrc6Pdbv9TqCtE//AADdt3J/t0V89UpTpS5ZRPqKValKPNGXMFM2rT6K5TcI6KI6JKACiimfxUAPpm1aKbcXMFvD588q7KdODmRKfJ8RmeJHT7LFFuXe0qf98JWDVi/vG1aRZWVoYlXbEr/+hVFH3r2IxtHlPFrVOapzRF/17V61+ym0kHxy0TyP+eVxu/3PKevKrPTLrVLqK1tY/OllbZFDErM8r/3EVdzM9fYP7KvwJ1fwbfXPiXxDCtnfSwPb21jcBt0Ss+92l/uu23Zs+/8A+g172XUKkq0ZR+GJ89mNanGhKMpe9I+mF+/833KenH/Av/HKiRN1S7Gr7w/Ox+zhaI/vChYf3iYqWP7u75qqOxA2PvRUuz/bWigDHj707Zv+69NT/Xf7dS7Pl/2qk1Hb9i0I/wA1H+1T/OX7m+oAqapqFvomk3WpXsixWtnE1xJKzbUVUXe+/wD3USvKfhT8O/jD+15Hd69o+s/8Ky+HCStFZ33lNLe3ro213RFdGbayMrMrqm75V3MrMtn9qaaeD4B+KZINzzeVEvyru+V5Ykf/AMcd6938beJNc8G/8ExdF1DwS81nqS+D9GdbjT/9bBFKlv8Aa5d6fMrrF5rM6/MnzN/BurwsxrSjKMIysfUZZQpyj7SUeY4yb/gntpd5rEOmJ+0Lr6eI3i3y28NyrzMyJ9/yvtHm7d+9/mdtq/Lu/jry/StC8U/Aj9pW7+E+ueN7nx3ZXGkLqsF9fRtE8Urt8uzc8r/cR/4m+/8A727zT9hzSvDWlftofBBvC9z9sS60K6nvmaXe6X/9n3vmq/yLs+58qf3drbm3b295/aZRX/4KRQqf+hSi/wDateZRnN14x5j1MVTp+xlaJ27/AOu2/L8tHzQrQy9jXhHwe+DPjb9sL4pfFq2tvipqnga08H6jFZQW+nwSywyq8twiNsW4i2un2fdvbdu3fw7K+mxGJjh4xconyWFwUsVKXLLlPdU/j/vrTn3fer5R0v4+eJ/CfhrxF4Ra5m8WeNV1+fQNCm+y+bcXLo6RIzp8+51fZtRnZmaVVbcnzV1v7RXwS+Kn7Jvwt8L/ABI8R/FPUNe1i+1W3sr7w8+77JBLLFNK6b2lZXVfK2fLEv3ty7dnzcss0px5fdO+OUVJc15H0DH/AB7qf/F/fr56/Z/+CPj/APav+Gvi74nx/F/WPB8ml311a/2VY20ssLLFaxSqEZbqJET97t27W+7uZm3Vw/7Mlp8RP2zviPceEJ/idqXgxtN0J9Q+3WMDv5+2WKL50ili3OyXH32Zvubf46y/tSn/ACl/2RL3fePr/n7y/JTP7jfNXxz4qvPiB4b/AGh1/Z/PxG1K/iuPFNhoq+J/KZLtPNaJH+TzWZkV5UfZ5u79195d9dP+1F8N/Gv7IHiDQvD2ofGnW9esvFEDtc6g9iyPYRRSojvEjXErM+x3+66/3f4tyn9qU/5R/wBjy/mPqJ1+fj/vmoH/ANyvFvjJ8C/iD+yR4L8P/Eq0+LuqfErw5LfW63dpd2bJEtrKu9ZU824l+99xXVVdXlX5qT+zvE/7T3x8t/hv4K8YXng/QtN0P+2L7XNMiaVyzqrp914mZWSWJFTev32b/Zq45lTlT5uX4TOWU1IzjGMj2z/vqmfNH96vFvBOk+JvhN+054m+Fk/j298f6bpOnpcX17qcGx4p3SLYifvXdtqSojfPt+98vyV6F8VviFD8NfAt7rk6xzSxbVtYXdk824b7iJ/wDe7f3VRm/h2V2U8TGdP2vwxOGphJU6/s46yOl/v/AHa8j+L/AMBbDx55mpWTLo/iFF/1yL+6vP8AZl/usyfddUZl+633VVdzwT+xv4z+KPgOL4g/G/4r3nw60e4gW9XR7VltYrO3dd6PK7OsUT/P9xkZv7zbtyrbf9iHWYfBqeMfgH8b5/GDRK8sWn3twtxaX7psd0SWJ/KR/k27GT77qrsv3q8qrjac5cvLoe1DLqkY8zlqfGmrabc+HdYuLDUIfs2pWrbJbSb78Tf7H3lZP7rruVl+asK6s5PtC3sPFwv+sX+8v93/AH/kr07xh4yT9obX/hF4fuY4/DHi3Uda/wCEd1O4S3bzbN3lt4g2xnRmT96zbW27GidVZfmao/2wP2ab79kPxB4d0r/hOJPF9zrlrLcNcTaZ9i+zojqmz5pZd+7f/eXb/wACrgqV482g1ls91I88tbpLqJJYX+Rl/wArVnyfL4r1j4nfsaX3wj/ZZ0D4xp4/kv8A+1LHTdQbQX0xotv2xEfa832ht23zdm7yl3bP4al/Zk/Y1vv2nPg3rnxBTx1N4fOk309k+nrpzXHm+VbxS7vNWVdu/wA3bt2ts+9u/ho+tR/lOOWSylK/NoeP/Wj6V037JHwRu/2tviRqHhCLxS3hl7DRX1X7Utn9qR9ksUXlOiyxfe+0b92/5dmzbXNfGDw9J8B/ix4w8D3GsjXW0OVLeK+eD7P5jvEjbvK3tt2o+zZvb7tXHEx+Exlks4+9GQj/AOxS29jq/i3xNpPhvw7ZS6rq95N5K2kK7Nqqn8fzptVUV3Z2dVRUZnb723234g/sL+Kfhp+y1cfFjxD4ua31W2itZ7nw4tiyPF591FEivL5qKrqsu5k8ptjK67v4l9y/4JA+C1vPD/xG8fNax3Oq3F1FpFrvHzxIqebKqv8A3GeWLd/1yWsKmI5o+6d2Hyr2VSMpS5onIeFf+CVPxQ8Q2rN4j8caT4flf59lpA14+xv4Gf8AdLv/ANhXZP8Aaryb9q39kXwx+znpvhGz8P8Aj258Z/EDUrp4ry0TajumxPKeK3XeyI2/ZvaVtzOiqv3tv0r8SP2A/Gfxx8SpN8TPj7aQ+KNW/wBIXQbTTnlt4P7iW8Ut1E3lL86LtiX7m5vm3V83fFT9nvxL+wX4w0rUL7TNC8WaZf7/AOzvFNxBLst7hETenleavlOr/Mv3mZU3K3yuq8kZSlL3pHueypxjJRidF8N/2U9Z8Qafb3vja7/suBlXdpmn/PLL/wBdZfur/ErbdzMv8VfS/gzwH4f8A2K2Og6VBYRbV81oU+eV/uo7v87M/wDts7V4B+zt8F/iH+1R8LfFfxRHxl1vwfLpd9dWv9k2MEstu/lW8UvybbqJERvN27djfd3Mzbqwf2b/AA78Zv227d9Kj8WT+FfDuiRMmoeJrSJt91cPvdFdVdXldk2IyKyoqIrMrM67uyNaMTzamClL4ZcsT6J8V/F7QfDmoNpkMs+ta6y/LpemL5sv+/L91Yk/22ZV/irlryz8b+P9/wDbWpL4M0uX/mGaHL5t9Kn9yW4+6v8AuRL/AMCryr4e/s1xeIP2iPEXwW8MftCatb3uk2r3kuqWNjKkU94jbLi3VFvfvrv3s+/5m81dq7NzdBb654j/AGc/iz41+HXjjXJvEkGj6Y+tabrV2uyW8gRUlfZudm+b502s7bWib5q6aFenKpy1NTmqZfUhT5o+8eoeGvB2ieFIfJ0bTY7MMqNLMi75ZG/gZpW3s3yL8u5mrdrwXwT+z548+LX7PesfHHXvjNq3gnSViv8AUItMtIJZYmt7XcnybbqJU3OjoqbG+4vzNurtfgH4r1vxn8J9F1bXGWW9lWX96iqrSxJKyIzKuxVdkT/gWxW/jr1cJiqcpShCNjjxeClThGpOR6P/ALy+TSJ/u0fM8X+zQkfzPtr1jwSaP7r/AHkp9NX79OT/AFNAuYHRtv8AvUbPlShPn/3Kd99qBkX3m+6uyj5t2/vT9n+3SbPu/NQA35np9O/h/uUz77fM9AC/w/w0uz77LtpPl/2qfQQRp/6FT/8Alt8tDo23+Gnom371BZXT/apybvn3fP8A7tPdNi7aE/j/AIKAGyQ/uf8Ax+jyf3P3af8Ad/291Hz+XS5UVzdTK1vw/pviCxa21fTbTUrVvvQ3cSyp/wCPb1/8cryXxN+yT4H1795YRXfh66ZV/wCQZP8AJ/36l3Kv+4qLXtrx7P4vvUmz79ctTC0KnxRO6hiq8PehPlPkPxB+x74ksRu0bXtO1hV27YdQia3l/wBv513L/wCg15zrfwW+Ifh0ObzwjezRKv8AzC5Yrjf/ALm13b/x2v0A8uh4dleLUyWjU+GPKezSz7EUfilzH5m6k11o+P7Rsb+wd2/5foJYv++NyItU11vT5s7b6HP/AF1Wv0+kgWZdsq+cn9yZd6Vz+peAfDmqs/27w5pN47f8/FjFK/8AwP5HZ682pw/H7Mj1KfEs/tRPznfUrSFtzXMaJ/11WqVx4m0yGTas6zN/dRd//wBj/wCP1+hU3wN+Htxh28FaI/8A24KlNh+Bfw/jZNvgrRE/7dlrGPDuvvSN5cSfyxPzouPFLPbh4FWL5fvNKrP/AN8feplhpmp+JLlVsbW91K4b7qW8bS/+g79tfpfYfDHwhpPzWnhfRrZ/9mxi/wDiK6K2soLNdsEUcKN/DDEqJXfTyOMftHBU4gqS+yfnX4f/AGc/iN4kZPL8NT2CMv8ArtQlWL/0L5v++Ur13wn+w3ezLE/iXxNHCm5N1vpMW9/91JZdmz5P9hq+uNrfPt/ip6J83yV6NLKacfekeRUzatP+6cD8O/g34U+He5tG0iOG6ZdjahKvmy/99tvZU/2F2rXe/OiUfNT/AOD+JxXsUqUKMeWB49WpKtLmnIET5qf823ZRsX5PvUzY0mz5q1OYlR33FvlhqWP5v+WdNWH9z/z23VYR9klVHYA+bdu8rZRTt++VN275aKsDn0Taz7akkTzvmpY/9YaejfKPvVkWN8v3qT7P8tO7fL5dP/1n+5UFGXr2hWPiPR73TdRiSayuoJbeVP49jq6Oyf3XVH3r/dfa1Yn/AAT7+NPjjTfFusfBSe2tvG3gzw/PsXxIkrRf2bE7Psif5HSVWf5Fi37lfcqsyKu3lvj78S9Q8B+E7ez0S1kvfFXiCdNN0m2t1V5fNb5dyJ8/zLvRFRfvM6/3GSvbPDem6D/wTj/ZDvdSmgtrnxreKvnwtL/x/wCqSq/lRI/ys0UX/AfkilZfmdt3zuZyjKXLH4j67K4yjTcpfCS6Pp37Nvw9/bK8P+CvDvgr7J8U7hbh4rvQ5Wt7LS99rPK8UsSyqiu0TvtVYm2+anzLtXb5Z+0xu/4eULt/6FKL/wBnrxn9j/w3rWj/ALf3wq1XxLfSX/ibxNY3+u6i9x/rknlsr/5H/uvsVHZP4Wfb/BXsn7TP/KSyHHP/ABSMX/tWvMw0ZRrxjI9TEcsqUpRO62f71Z//AASr/wCSz/tS/wDYcsv/AEo1KtOPf/FWR/wS1lWD4xftTM7hFXXLP5m+7/x8alXsZn8MTw8q3kZn7LX7Pnh34J698QP2ififK2mwxanqL6FDdxb3t7d7h0+1/wB5pZd6pEi/MyvuXd5q7d3/AIK+aqmufsj+CtQgVoUvPFdncIrf3X0+9f8A9nr5y/4KG/tP6j+0HfanoXhi5kPwz8JzrFPeW/8AqtUv3fbu/wBpE+fb/C2xm/jXb9Af8FWN3/DEfw3+7u/t/Td3+9/Zt7vr5/llH4j6OMoyE/4JQ+Z/wxL8R/8Anr/wkWpbf97+zbLZXzx/wRb/AOTpfFH/AGJt1/6W2VfR/wDwSY09tS/Y68e2NqVS4uvE1/bxM7bPnfT7JE3/APA2qL9gv9gz4g/sx/FzUPFXiq+0Wa0utIl0pU0y8lllVmlglRnRokXZsidPvN8235f4lgo+W/i7/wApa7D/ALKRon/o21r33/gqZ4Vfxz8evhFoOFT+0tPv7dXdfkR3ZERm/wB19j1t+L/2B/iD4m/bYsvi3aXHh0+GYvElhrrQtfy/a/Iglid12rFs3MkTbU3bPufN96uq/wCCiXwm8WaxceH/AIseF5dJSx8C6ZdaheRapI29ndkf90ioyu2xX+86/wAO1qunKLlFSIlzfZKn7IrRftQ/sL+I/hN4huVfXdDtZfDc63ESP9ndPn0+XZv2MkToiL93c1u3+83M/wDBMPwO3wf+EvxL+I/i6KSwZZ5dPn85l/0e106J2lbZ/Dtd3Rt3/PL/AL64D9kD4qN8Mv2rPDmtTwLpvhz4xaSvnwr8kMWo7/k2bvmZvN+Vf732r+Jq+h/+CkXiqx+EP7LmoeFdD/0DUPGmsS2q29uq72aeV7q9l/3WdnRv+vinKPLLlCMvd5j5u/ZhvNT8bWfi34ka+q/2x4w1qW63Mu790jv8qO33UV5WT/diVf4NqxfHqzTXvjN8CPDV0izaZq3iq3W5hf50ZHurWLa6/wB3ZKyV0/gjx74H8B+FdL8MaZqjau+k20VrK2jWMt6jOi/PLviidd7Pvf7/APHXnvx9+IGl3V34K8XaHcrc6x4L1iLVV0++iltZpYkdXd0SVEZl3xRbnVG2r838Fe/U5Y4b2cZHzlPmqY32kvhPdP8AgqG0/jL4mfBXwHc3DQ+G9RvJb2+t1nZPtDq8SJvVfusqPKiv/wBNW/u1lfsAy/8ACqv2tPiL8LtF8yHwpdaP/a8Vi3zpFcI1v9xmd/k2XDpv+8yom7dsVq9a/aW+GVj+2h8IPAnxG+F3iC2/4SXQ5/7Q0e4uJP3TLLsaW3l27/KlV4k+8rKjwurKqszLm/sr/A7Wv2db7x18a/jVquk6f4g1C1S1l+zzqkNhZ7ld1eX5UZ3eKJFRd33E+Zmdtvh80eTl+0fQ8r5ub7J8ZfFrQbPw7/wVl0+zsYFs7eX4g6Jeywr8qebLLayyv/wJ5Xf/AIHXpH/BbT5PiJ8Mv+wZef8Ao1K8bXxHffFT9uXwL8U2geHR/E3xItf7OSbf5vlW97ZIjbP9x4k/3kZf4K+5v2/v2OvG/wC1N4l8H6h4SvNEs10mC4t5f7Wnli3tKyOmzbE+5Nivu+7/AMCrKUXHcuNpHI/tdf8AKI/4df8AYA8L/wDpPb1J/wAEofM/4Yl+I/8Az1/4SLUtv+//AGbZbK9V+NP7MHizx9+xD4a+E9jc6fD4o07TNLsrh5Z2S0d7OKJX+dYmfbvi+X5P7u7b/DU/ZF/Zv8Wfst/s1+OPCviqXS7zU7q5utVgfTJZZYfKe1ii2PuRH374vm+TZt2/N/dko+Lf+CLn/J0Xijd/0Jt1/wCltlX0R4M/ZJtPFX7ZXxQ+Mnj+OG28FeH9Re4s/wC0NiQ3VxFEjvcPv/5ZRbHbf8qs6f3UZW+d/wDgi/8AL+1F4o/7E26/9LbKvVf+Cj/7VeseO59d+Evw+Ej6Lo0D3vi/U1b5HZNuy13r/Arsm7+8+xfuo24FLlPef25vHGkfEj/gn/4z8UaQ3naRqUWm3Vq0yurtbvqlrsZ0bay71+bY1cR/wSIuV0j9kvxvfMvnC18U3lxs/vKmn2Tp/wCgVQ+Kg87/AIIx2Sd20LRP/Tla15v/AMEl/jZpXhO68S/DTV7mHTpdWuYtQ0x7htiTy+UiSxfP/EyRROqfLvVJf7q0E+78J8W+JvGWuePNa1Dx9rGrz3XiprqK6/tBW2vFLuTYyOj702fIi7fuKiqu3Yqr+lf7ZOqy/E7/AIJr6V4x1yKCbXZbHRNXabyvkWeXyopXT+7uSWX/AGtr7a8W8Xf8Ep/H0nxKj0Xw9qujJ8NLy8eddQmld7iyt3fds8pvmaVU+Rdr7W2bmZd7be1/4KUfErw54H+Evhr4B+F5fNlRrPz7dJd32KwgTZFE391m/dOv3m2o7MvzK7XLlly8pMfd96Ujrf8AgkTYf2r+yB47s2nWBrrxTfxCZ/urv0+yTd/4/Wx+1DcX37C37HVj4c+E2iXyJIv2K88Uoq/6G77Fe6l2vu82V32K6ptRtnzLsiVud/4JQ7h+xP8AEgHr/wAJDqWz/e/s2y2VnfsA/tP6Z8fvAd18C/iekGq3VvY/Z7F775F1Sw27Hifd/wAtYk27X+V3T5vvKzNBqfCnwZ8YP8Cfid4K8dabM1y2l3yXV06t888T/JKqbnX70TSru+X7/wA1fcf/AAVC+FifEzw/4F+JnhD/AImk03laVFNb26u97b3is9q2/wCVtu93VfvbmuF+7/F8jftIfs4an+zV8Q77wpeefeeF9R3T6Lqb/wDLWLcm9d/yK8sTvsZflZvlbaquu775/wCCcPxItvjR+zvZeCvECR6le+ENQt4mt5trv5UUqXVhKyb/AJVV4ti/J/y7rW0rR5ZxOejzRlKMtTA/bs1KL4O/sl+Avgz4fXZqWu/ZdDihhl+eWK12NK3yIjO7SrEjbUXd5rf7tV/Cvh+28J+G9K0m2bZb2NrFbx+WuzciRIu9/wDbbZvZ/wC9urwL9vv4taj4p/bCeLTb39z4Fit7S2dFWVEun2Syy7W3qzo8qRN8n/LJV211nwc/aGtfGyrpviCCLSNfRWSJ0l2LeP8A9Mmb7rsn8DM27+H+Lb7GWSjGUpTPGzTmnywj0PZVVetLH3pn/odSp1/ir6Q+Td+o5Pl3/wDfFPWH7n3aiSbbU0f3ufuUwE2fw/fp+9qZ/F/n1p6f7u+gBZNvlf7dH/AaEf8Ah+V6e/3tu756CCDj/OKfH3oRPmpaCwSHZ8tD/Jspy/foX79BAv8AFupiRv8A79FPRN7P/coAT+L/AD60x0p/3PmpiIvyfx0FhH935KP4dtP3/Lu2LSeX8v8AsUAR+X71H/yz3LUz/vPmoT/VUARUfwf9NKlf5F/uf+z0x1+XovzUAN8v3pnlv/cbZVhffbvodPmoAi/2VpPJ+Wn/AOzzR/D/ABf5FBRF9/8Ahan+T8tOb7+35qf5OxXagkhk3ItL5P8ADlt9Od/mT/Zpjpsb+GgBdn735qT/AJbfLQn3vmdafj97/wDY0ANT5x91t1Cbt3zstPPz/Iu6j/VyVUSCReE/3qkb/UJUCN838P3qs/xf59aAH/xpRRD/AArj+KirAw0T7lSbD/eTZTN58r/ep2xnX+Gsixy/u/lp0femyL/d+epG+dUoFE4v4l/De1+JGn2Sfbr3StQsLqK9sdQ09tk1vKn3HV/7n8fyurIyK275a4fRf2cbaHVrK+8UeK9e8b2mnS/arfT9ZuWlhSVP7yNv3f7i7d38W5dy17Z/dqR9tcssNSlLmlH3j0KeLrUo8sZe6eZfEr4L2PxI1LT9Wg1fUvDniCwieKDU9Pl8qZIn371Z/vbPmfbtdfkdl/iaj4d/Buz8Dazca/feINU8U67cRPatqGrTvK6xbkZETdvZfnRd25m27fl/i3elInzUNH8v8NL6vS5+bl1H9crcns+b3R27+OvHvF37PdnrmualqWjeKtW8Jf2zt/tG30mfylumRHR2fb83zI7u27cu53b+JtvsPO7ZTY1+atKlOMvdlHmMKdapRlzU5HCW3wN8J6b8NbjwRbW0iaPcMrStuX7RLKjo3m79m3fvRPn2bdqKu3b8tcVp/wCzDBcXmn/8JF468TeJ9Ks5YriLSdRvGe33Rfc3o2/5FR3T5UX5XZfl317m3yNto8z2rOWEoy5eaJrHHV4c3LLc8Puf2ZzaT3reGPHnijwlpV/PLdS6Zp87JCsr7N+xFdf7m35t3yqq7qpQ/su68+c/GPx1/wCDGX/4uvf40/3aese/7j76ieCoKXwm9PH4nl5eY+ff+GZNefkfGTxwP+4jL/8AF1R0H9qrSPCv7GvxC+EvxB1XVn+It015a2sN3HLdbonSJ03y/wC/5qrudvlRW+61e4eMteu9LsLLTdFtvtniXWZ/sWk2s3yI8rJ88sv92KJN8rP/AHV2/wAavXt3gH9n/wALeHfDMttqem2niHVb5WbVtW1CBZZr+V4nSVndkdlVk+RUV9qrtVf4t3iYunRjL938R7mCxFWceapsfIn7EX7M/i7436b8J/HXiy+01Phv4fuXutJ0+3Vku57iCZ0TemzayebFuZ2dvl3qqr8zL3Xjm9039tD9t7T9KSKPXvh78MYG+2IjK9veXkr/ADp877GRpUiRk2sjpby/eXazYWn/ALE+p2HxIuPAHhP4weM9H8CWdi2oX2lwzskUTyyv5VuiK6RM7Isrs7RfdT7rbq+uvgh8C/CvwF8JJo3hWxaG3aV7ie7mbzZrqXZ99/4WfYiJsXaq7PlVd7LXmxpylK8j0ZVYxj7p12leHrHRLNLaxs4LO1iXZFDbxLFCi/7CLsSsPxv8OfDnxA0ttL8R6NZaxZSLtlhu4Ffan3tyv95XX+F1dWWuudKGhroODY/NHxt+yjqvwF+JcNl4N8feJvA2g+I2l/s7UNMupURbjY7/AGKXbLF87IjPE7P8yptZdyNutSfs1a14sniT4j/FPxV8QbKJt0VjqF9K8KN/21llb/vna3+1X2B+1V4V/wCEm+B/irZsS902B9XsZvm3xXFr+9idPufOzps/3XavINL8QQal4astXlkjhtLi1ivZbiZlRIklVHR3/hXaj/367sJTpSl70dTmxeIq0uVQl7rOO8ffBDw94v0HR9Ps/M8OPo06S6Td6eyxPaunzu6fxfM+x2dXVnZEbdurgtQ/Zv1bTreW4u/jX4vtra3XfLNcanLFFEv953Z9q16V/wAJ9d+MJfs3grS/7eRJdjaxcbrfTIv92X70v+5Em3/arX0v4RQXFxFfeLtQbxTqC7Wit7iLZYxN/wBMrf5l++n323M/3q660aKl8Nzgji61L3eY+brP4P8AjPxlfxReEPiV44vdO3MkuuahfS29oif9Ml37pf8AgO1P9qvSP+GVdemjSPUPjH41nhZdk+2+lRJf4H2I0rfK38P3t1e/61rWm+HdMluNRuLexto13SSzSrEir/ts2xFryrW/ip4n8YWF1/wr7Q4/s3lO0Wsa8rRRTts+RYovvy7/AO+21fm/iry/ZxlK8Ym/12vP7XKjhPGn7NPgfwHo9lqeneM9W+Hv2O1+xT6hb3XlTXSea8rpK6ou6Xe/3F+Xai/L8i15Zqfj7w54P8I+IPCHgLSpLyy1xGi1PxB4gbzbi63q6OyxKiN8u59rt8y72bbudmbznxZ4o1rxV4mh1HxNqF3fah5r28i3YYJBL93YifIq7XX5kVVWsvVpnmeKyif55mZGdf4Yv46x5Y/ynRUxFb3VzBb3mvX2jtpEni3WZNAwkS6Y14727RIyOg8rftX503Kmz5di0/VfD9tqUcO/dC8SosUsTfOu37mz/dq7bQ7bddnyIq7FX/YpK6KdOPLrE8Srj60ql4y2NNfiZ8Wo7NbGD4u+NoLJV2rbprt4iKn+4su3bWXHo8s2pXGpX99NqWpXUrzXF3M+55W3b3d3bezbnd3bd838TUtLjzKuNOMZc0YkVMwrzjyyloFvJr+g6X/ZmleJ9a0fSZ5Wf7BY3zpDvdER2ZFdVZmRNm/Y29U2/wAFVdO0uTw/dWep2F1cWF/Zvug1C2dg6ff+femx9/8AtqytVmij2UH9k0/tCt7qUvhGSW3inxx4u8JeHp/EupeINUvL6Ky0z+2JZZUhlllSJNm53dUZ3XdtT5tn3W+Wv0Y/Z/8AhHY/8E9fgp448Z+PNatLnxLft9ol+wy74pUiV0t7WJpUVmlaWX5n2Ku5k3fKu5vzxxcw3mn6rpt7PY39lKrW1xFKyurI29NjLtZWV0RlZX3K3zf7VM1698TeOUt7fxb4y13xVb2bboItTvpbhIm/2PNd9v8AwHburklRk5csfhPoMPmVGNPmqS94ydFv9Q8TalrXiLV5fO1XW7yXULqZv45XZ3d/+BO71p/Z47iRo513p/D/AH9395fv/PTEVY1RVXYq/KqrTq7KceSPKfJ1sZUlWlU7n0F8GP2hGtJLbw/4uvGlSTZb2mtS/wDjiy/dbf8A3X+bd/F/E1fRyNn/AG6/PB41mj+aNZlZdrI38Ve/fs8/GR7GaPwx4luWeyHy6fqdw7fK38EUr/8Ajiv/AHtqt95dvpUMRy/u5G8ZRxEf7x9L1Ikn3P8AZqJcbt392p49js/zV6voclnET5d332enJ87f8Bpj7f7zU7/l3/jpgN/h/v0/+H5vkoT5N9H/ALL/AA0ANf8AvL/u1LTdn+7sp6Q/coII0T/vmnInz7aXn/OaN7UFjP8Ax96dH/rDS72oTO77v3qAGv8A8C/3qfs+5R935f4Kd/DQQMdP9r7tO/h/z6U1PnV6dH/rDQWN53vupjw075tu5vv0fw/xPQBF8u7+J9tPf/V7qdJ/rBS0AMd6bJ97/bpyIm3bT9jUAQp/db56dH93+HfSv93+FKH/AL38NADEDI1OT5Iv97+/Tf4v8+tP/h/uUAN/h/4FRJ97+HZT/wCH5qZ/F9z5KCA/ipv8XzU7/vmiT73+3QAf99UifLR91/8AYoT+9VAL8yMn/oFSptdvu02H/W0n3Pl+WjmAswv+9T/eooSbfKn3fvJRVgYyfd2/cqX+H/PpTE/1r/epY+9ZFiPH+6fftoT+Bf71P/i/z60fw/59KAHp/eo3/wC98tM/h/z6VJ/y2oARPvfw0SdqI/8AWGl8n5v96gBU+9/yzpj/AN5aXcvrT6ADlpaVf33XbTl+/WF4v8QN4Z8PzXNtbfb9QklitbGxR9j3F1KyLFEn+8772/2UZv4azlUjCPNIUI881GJb1TWp7e6g0rStPbVPEV+zrZ6SrKjsifI8srfdiiV32M7fK33V3NtVuy8P/sq/29bpefETxDfa3dyrv/snSbqWy0yD/YRInSWX/flf/gK13fwX+Ea/D7S5b7UJ7W/8Uajsl1PVgm55W/gii+7tiiTYip9z5Wb7zNXgn7TGpeOfiR+1d8P/AIJeGvG978P7LWdHl1WbUNLZnuPNRbp3V9ssTMn+hIiorL99mb7iqvzeJxk5y/un2GEwkOT+8et/Cf8AZx0XwP8AEbWPEttpEWjxLEmn6ZaLPLL5UW/fLK/mu7K8rvsVFfYiJ83zO1e5eX5a8V8Ra3+xr4e8N+ILTQ/Ef7XWu6b4juFiYWN9rsVvdyu2/wCZIpbrdsb59v3v95qr+P7f41/sB/2L4q134g33xa+GVxqMVlqdvqtqz3tmj/xI7SysnyIyq/m7N2xWX5l2+bGpdndLDSjG0ZH23YaJZ6bf3t5BAqXF4yyzzfxyuqIif98oiVobWqG2uIL+1t7q1lWaKWJJYpk/jV13o/8A4/Xxt+09r3jzx9+1h4A+DPhzxvqXw+0rXNHbUpdS0lWaZZVW9+R/KeJ2TZaouxZVX7zNu27V2lLlic8acpS5UfZ+16rzfd29a/Nnxt44+O37Lfxi1P4LaN481b4s6x4j063XSbvVIt81nfyyp+9TzZZW+WJH+++1d6sy7U+Z37Tfw1+IP7JnhDT/ABPq/wC0z4n1jxbeMiWPhfdcPDO/yea+97pk8qLf99otjNsXau75cfaROn6tL+Y9n1L44X3j74ceKvDWjabd+IfFGqS3+n3TTfurLRkZpYoopZW+VniiVH2RIzbvvbd1cp4S+AKvYabF441eTxV/ZsEUUGnrF5WnxeUqIjPF8nmvsRfnl3bv7tcP+z98Hfip+2r/AG94lTxZP8Nfh1cXjSt/Zitvv7zanmvEiureUz73bc+xXdlVWZWZfQNI/YZ8J+JLy/X4b/tJ6lf+JdL/AHTraanFefZ33JvWVIpVdUZ/k/3v4W+7VxrcpzVcDOfL7x6fcTWej2Lyu0dhaRRfMz7YkiRP++EVFrze8+Kl/wCKGa28C6et/Fu2tr2obotPif8A6ZfxSv8A7vy/7VeHahrut+A/idrXgz49x3useINEiS4s/JbfpUsSLvSV4okXcjfI/mujKvzKyqytXRfs9/s5+OP2qPhRd/Eq++N+qeALf7ZOstjaWMqWlvFFt+dHW6iiVFT/AGfk2fM1dPt4RjGR5tPK6k5SUpHpNv8ADK1udYXV9b1CTxZq6tvilvlVLe3b/plb/MsX+/8AM3+1XUs3mL/ceuX0H/gnL4l8TrLPof7WOpa3DE2yR9PgllRH/uu6377a+fPhr+0nrNv8ELS5vIpNe8W3msS6Lo8MPzzXDeVEyM6L80u15UX+87Ois3z7l76GNpcso8pVTK6keXllcz/2uvh6PCutR+KrODyNO1lt9wUVnSK+X+L+Jf3qLv8A95Gb+6teMaLINSmk1Jvuy/uo/vJ8q/xf9919y6t+wLfal4LPiL9oL42/8IytwqStp8M0UWn2cr/cTdK6RM+zYuxYl+ZflZq4X4yf8E+ZPAHw0u/iD8KPHP8AwnOg2dm17LaTeU3m2qLveWKWJ3ilVUTfs2LuVG2szbFbyqleMqvNGPundUwdSVDljL3j5p+5Qi7m2VS0XUjq1jFOp2qy7m/3/wCL/wAfWrf3K9KMoyjzRPh6lOVOcoS+ISiiikY+QUUUUAFFFFA+UKKKKCApt1bLeRvAfnVlp1Hl0DhLklzRPpr9nH4qS6xpi+G/ENyk2pWkTf2fqEx/4/Il++r/AO2qfP8AN95U3fwsze/F8/8ATSvzojnn0+4t7q3neG4t5UliuIfkeKVfnTZ/tq/zV9rfBr4nRfE7wgkreXDqNmyW+ow/Mm1/4GRP7sqI7r/dZGX+Hc3oYav/AMu5HtStVjzHoe/5/uc0b2jb+5TPu/8AAaVPmr0zhJv9756P4k/uUxP7v36VP96ggVP9TS/NR5PzfLRv/wCB0AP3b1SkpqbP+A0InyfeWgAR/l3U/wD3fkoT7u2k8ygBf+Wj0n8VP/5Y03/xygBKf/FTXh2D/bpH+87UANfdT3f/AKZLQ/3f/ZaPvfxUAM+426pof9dUf8VKnyLQAJ/4/Q/+7SJ/eb7lK+6T5V+5QAlH/LNKP71N2f8AjtADk+89Nf7v3W+Wnp/tbqR3+agBr/6vf82+j7n96h0/dU7a1AEf8X9ykk/4DT33f7S0bP7tAEb9v7lN2fvs96c/yNRH/tf3qoBkf8DVMm1Kh3/P/u1L8m7/AOxoAfH95Nv95KKIf++PmooAoRp/F8tG/wDvf8Boh+dttP8AJ/i+epLCikT/AGakRPM/u7aAI0T/AGqm/i+Yfdpuz5k+7Tv40oAT+HbS+T8tMX/Xfw/7NPk7UAH8aUnnfNSydqEf/doAVfu7qydWjX/hNvh1PPt+zxeJIvN+7s3vFKkX3vk++6VrL99q5zx1c+TH4ZnRd7r4k0lF/wB/7XF/7JvrhxH8KR0Yb+JE+yLf/Vp/u18g+Nv+UunwP/7FS6/9FavX2Bb/AOpr4/8AG3/KXT4H/wDYqXX/AKK1evlamx9nh/iOg/aq/YV0/wDaG+P1p4svvHml+G4Ws4rKfT5l33bqjP8AOm50VXZH+X5Plb5vmrnP+ClDan4G/Z18LfD7TdG1SbwfF9gt7/xTd7br7LFB8kUT7X3tKzpE7Ssio33VZmfakH7a/wCwz8Rf2ivjs/iXw1HoD6PLpkFkr6xdyxeU6M+9tkSMzbd6bfvL9/5a6r9r2+034A/sD/8ACvvFviC217xRcaZa6RawzbnmvJVlid5VRt7bIkTcrtt27FXcrOtcqO+R9MeEUsU8JaKumTreaYtjEtrMrb/Ni8pNj/7W5Nj76+R/G3/KXT4G/wDYqXX/AKK1evon9nnw3feE/gT8PdI1VWh1Cx0Ozt54W3b4nSJEeL5v7rps/wCA189ePP8AlL18EP8AsVLr/wBFavXVL4Tjp/xJH09qHwZ0bR/jh4g+LrabJ4h8Xf2TFp+nWlv5XnQJEru6Rea6Issrvs3s6rt+Xcu9t35ffELXrv48eGfj38XfHV2qeM/D/laLpnhF9yPo1vLdpauzo6fMyo8qfL/F5rNtbbX0f8dP2q9S/Zv/AG+hLeM1z4H1bR7CLWrTazfZ03PsukRfvPE7u/y7t6uy/eZWXN/4KOfs1wa54Uu/jl8NI2ubfUrFF8Rw2MrPDf2Tqjpeq6PtZF2RO33lbYsv8DM3PE7XHmOl+NWsT/DH/gk34atdA/0C41Lw5pNpK8PyOi3ixS3X/faSyq3/AF1avJbz4XaV+y38Sf2VPEfgzzba98R3FvpWvs08rpfpP9lR2dN7qu5LiX5Pu/JF8vy17h+zzfeE/wBs79iVPhXLqcNpruk6TFos9v5m+a1eBkeyuNnys0TeVE7KvytsZVb5ayvg1+xv8XdS+KHw01P4xazo9z4X+GLeVosOntvmvJU2eVK37pPlV4ovnfazeUvy7nZ2ceXl1CXxROW/4Kk6tH8M/i58NfE9jbxf2hdaPrNk/wAm15YkidEV3/iTZdSoqf7b/wCzXQfCKGX4e/8ABH/Xby+/0CXVNA1Z/wB9/El1cSxRf99o6bf9+vOv2qI5/wBvL9p208AfDXVdNuX8KaLK8uqXd032eVnlRLjyniR1bZviT5V2syP83yru+pP2k/2Z/F3i/wDZM0T4MfDm+0+3t7OKwsrqbWJ2iR7W1VGTZsiZmlaWJH/h/i/2azKPIv8Agih/yR3x7/2HYv8A0nSvir/gnjZx+IP2tfhloeoLE+n299eakqOu/ZKllK6Nt/vq9vE6v/Ds3V+m/wCwb+zP4r/Zm8F+JdM8US6XLd6tqKagv9jzyyxKuxEdX3xKyv8A7Hzf71fnTongm/8A+CfP7VXw6u/Hk+m3j2sS6lPNocssqLZztLav87Ijb1RJXVFT5vl+b5222Sfav7cXwZ+Gnxx+IGnp49+OGn+AJdJs0ig0G7nt0++zu8uyWVH3tvTc+zbtRf7jVp/s86r8EP2YfhRrXhOD47eG/FulXkst0kVxqdqjxO8Sq6oiSs3zIqMqf3t38TVzH7cX7INx+11b+HPiV8MdSsL7VXtFtf30/wDo19ZszyxSxSruVXXzX3bvlZXX5lZNjfMPir/gmj4y+HfwX8W+M/FXiHRNJvdJtftUej28W/z4k++j3HyrFL95FRfN813Rdy71eo8g5j5v+HcbR+GUZtwLSPt/3fk/9mrpC/y7areHdQW40eDyoPJRl+VUXYm77r7f9netXP8AljXtUvdhGJ+e4yUpV5SlHqMoooqzzgoooqyAooooAKKKKACiihIdtABH96ul+H/jq5+Gvi+112FZGtFbyNRiQbfPgZvm/wBncu1GX/aRf9qudo5j604vlOmlV9lLU/Q7S9UttXsbW9tJ45bW6iSWOVfnWWJ1+Rl/3kqf/gVfIXwb+PVx8M7iPQtaMk/hRj+4kXc81j83z7f7y/OzMmxmX+H+631hpWsWfiHTbfUtMuo7y0uF3xSwtvR0/wBivYoV4zj73xHXUp/aj8Jof+zUO/zf7FNd/wDdp38VdRxjtjbXfGyhP+BPupm9/wDgdP8A4v8APrQWL9/7tCJ+6o/26d/eoIBP7tD7/wCGmpDTvloAX+HduZ3od23fd30Jt83b82+pd/3KAGR01/8Avik8yn/w0ADf6hKa6f7tD/Ou77lJ/wABWgAX79KnzNR/7LTv4f8AboAV4f8AgdR+ZUn323tuSmR7f4t1AAm1F/v0Oi7v96hv+A76d/DQAxvv0f8AAaV9r8fNR8qfLQBF53zUvz/990jvs+7u2NSp8/8A7LVAKiUfNuo/5ZpRJ97/AGKkBH/2tu6k/hT5vu0P8iYokj+b/eqgGyR72en/ACfP/cp8X+sqP/V7N33KAJIaKFb5koqwKsX/ACyp2djfLQj/AC9V+ajev/A6yLB/3kv8NMf7yf570j/Ov8P+zT4/9YaAGx/6w0nzf399Sf8AodCf7NABH97/AG6T+Hc1Cfe/ub6k/j/6Z0AR/wDLD+Cl+X+6rvRzuT5qF+98vz0adQDH/TOsLxOi3Pib4eWrJv8AN8U2bf8AAIllldv/ACFWTq/xQto9UfSPDVhP4w12JkSW309lSG3f+5LcN+6i+/s+d2dW/hqj4f8ADvilPjx8Jr3xBq0Ez3Gp3Tx6Vp8Gy0g2WUr7vNb5pX/222r/AHVrzMViKfs5RierhKX7yMpH3Ta/6tK8d+P37Luh/HLVtH1r+19U8JeKNLiaK11nR5dkyRO/zq/3G2LvfbtdWXzX+8rMte0Wv+rSpY6+dl769492MpRlzRPjJv2B/HiR7V/ab+IKw/dWHz7j7n93/j6/9krufhR+wV8Ovh74stPFWs3ms+PPFEWzytQ1663pFKn3GRFRNzr8m3zXbbsVl27Vr6XSTdRRGnGJtKpKXu8wV4l8ev2XdD+OWr6Pr39uap4V8V6SssVrrejzrFN5T/fV/uNs+d9u11ZfNf7yvtr2+m05eZjGUoy5ony/8Pf2C/BPhmDxG3ijW9a+IV/rmly6PPca9OsvlW7sjp5XyO6MrxI6vuZlZE27fm3cj/w7dtrO1l02x+LXjW20KWJ7ddJ+2K6Lbt8jxfKiqyMm9P8AVbfn+7X2dUUnaj2cTf2kv5j5T8Yf8E+PA9/Pp+p+Cdc134b+I7CzSy/tbQ7pk81ERESWVPkZnZEXc6vFud2Zt1c1N+wl8RNbgbT/ABj+05448Q6FL8s+nvLdIlwn8ab5bqVf++omr7OZ/l4rwL4x/GrVXvr3wn4FjjfVolWK+165/wCPTTt6b02J8jSy7H3qi7VXejO33kZRp80uWMRSryhHmlI+Pvgd8UfhL+yf+1nqur2up3aeAv8AhGW0+zultZbi4e682JJvNXYjK7Pbyuzqu1fkVfl21T0PSvF/7T3jrx/42/4WB4j0Hw1da5df2KtjetEn2d5XdFRGdNqKjonyp9/du+avoPTvCem2uhafokttFf2tnFtX7aqSs7797yvu3bnZ3d2f+Jmb/crUtoYLaJIIIFhiVdkUMKqiIn+wi161LLI83NJnmVc29zlpx94+ZPF/hrxV+zj4g8FeOG+IPirXtEsPENm+qQ3Gos6JFFKjvvRXberIrJ8399V+bdWH+25+0N4V/aE+PWieLfBTpq2lW/htdHnbULFtiSvLdb9qOitvVLhHV/4W+ZfmSvry5RXhdHVXSVdrKy70ZK+Sf2mNVsI/F1h4c0u0gt7TSYnuplt4lRGuJfuK2xP+eSI6/wC/t/grHE4SMZRlHSIqWZy9lJSj7x4z4f1rxn4BgeDwd8QPE3hOxl+Z7fTNTltVbd/sxOitVjxHqnizx+iJ4u8Xa/4p2urx/wBp6jLdbWVW2Mnmuzfcf9aSTtTNnqaxVOnzc3KeTLNK0o8vMMhhW3iWONVRVXYq/wCzT6KK1PIlOU5c0gooo8ugYmPajHtUlFAuQZRT6KBjM/LQn36fRT5ieUZ/FT6KKRQUUUR1YDJIVlVN38Lbl/2Wr0DwB8UNd+GrNDpE8M1ix8260+ZmdZenzIfm2v8AJ99fvfKrfdVa4WmdGqo+570TohVlDQ+3Phr8XvD/AMTYWGnytZ6qAzz6TdOqzJ/tL93cvzffX7n/AI7Xc7vl/ir887W6urG8hurW5khu4X3xSwybWib+8jrtZX/21r3b4f8A7TVxosa2Pi2FtSsl2p/aFoqpKqfdTenyK395n3Kyr/DXdSxP2ah2RjCqvdPpdN38D5pyP89YfhfxZo3i6zW90TU4L+1T73kt88b/AN1l+Vlf/YZFaul/+JrujUjP4DmlBx90q/fl/wBin/w+336Z8v3fmqRP4K1IHU1/nVKcj7aT/lp8tADkT5k/3aNnzbWpKfH/AMCoIGeXSv8ALTv+WvzUSfdf5WdKAGyfIv8AEn/s9JSu7f7O3bRH916AHL/6F81P+aot+z/P3qP40/2qAET7q0R0UR0AK+3b/cpPl+826l/j+7SPt/3KAFf9589Mb/Yo3/M6075aAG7/AJt26k3/ADfNu+al/wDZaPvpVR2AT/Z5o/2eaI+9EfegAT/VfKtI0f8ADuqTd/tUz7nzUAP+b/gC0yNP4fv/AN2n/caiP7z/ADURAmRPv/N89FRp97+5RWxkUv8Adapf4v8APrUSfe/ip56tXOdASdqYn3v4qN6u9H3JttBQ5/vfw0J/6FTdq+lTbG/2qWw/QZ81L/s/N/wGuV8S/EzSPDupf2VAbnV/EEq/utH0mLzZf99/uqqL/E7Oq1Sh8D+MPiBmTxTqX/CM6VN/zAdDn/fSL/duLj73+8kSL/vVx1MTTj7q+I2jSv70/dLGufFDSbLVH0fTY7jxN4i3P/xKdKVX8r/rrL8sUSfP8zs+5P7tQw/DvxJ48bzPGmqiw0mX/mXtBlaJHT+7LcfI0v8AuJtWvQ/D/hfR/C9iLLSdOt7K1Xc3lRxbXZv7z/xuzfxOzszVa1TWLHRbGW9vrmCwtYl3SyzSrEi/77ttVf8AgT15tSvUkXHlfwDfD/hvTfDWnrYaba21jaxf6qKKJVVf91fkWuf8VXUGk/Ev4WarOywxRa/9ibd/fnt5Yk3/APA3RP8AgdclefGHVPGgltvh5o6X1vu2t4g1bdb6fF/txf8ALWX/AICu3/arE8QfBG58Safd6lrPiTUNZ8ZRL5umahM32e0sLpG3xPFAvyqm9fvtubbWMqdScfdidlKPsqnNKR982v8Aq0q3HXmfwO+KMPxK8B2OpP8A6PqsTNZanp7Ft9leRfLLE6fIyfOm9d3z7XVv4q9JT79cGsNz2o+8TUUfNTNv/TWmA+ijc1MkoAfuaoZKHemu9AEN1/q3r4/0O5W58X/EidX3pL4pvNv+3siiR/8Ax9Hr6W+Jvj7TPhn4X1LW9Sl2Q2sT+VErKrzyv8iRRJ8q72d0Rd3y7m/3nX5f8C6VcaPoUS35V9Uv5ZdQvtrbl8+WV5ZV/h+677N/8SJur08DT/ec5wY2XLT5TpP4fmZXeo5KdS+YN1fQHhcvUzta1S28OaVd6ldybLSzia4lm/2EXe//AI4lfAmp+I7rxTr2o65ep5d1qk8t1JGnyJEj/cVP9hUTav8AsqtfRf7U3xE+w2Ft4Rs5wZb3/SdQ+b/VW8bbol/vfM6b/wDdXb/FXzU6fPXjYip7SfL/ACm1SfsafL1kFMf79PoriPLGUfxU+igAooooAKKKPLoAPMoLZGKHprTLCrMzbFX71BS9/YdRTA3mANtZf4trffp9BIU50ptPoAa/+up3l0UUAFFFOT79AAn36bTqKfMbJ22LWm6teaFfC+027msdSVWC3FlLsf8A2lb+Fkb+JG3bq9n8F/tUazomyDxVbrq9p8q/2jp6rFKq/wAe+Jtqt/H91l214dRH3q4ylD4TWni/szPufwV8TPDfj63R9B1mC8lZV820m/dSxf7Tq2xtvyff2bK6/wC52/2K/OcxwrcLOd0NxG26KaFmR1f/AGHX5q9R8B/tJeLfBciQawzeK9HX5P3rbbuJf9iX+L7/APF9/wDvV3U8bb4onTGNKfwH2JufdTt+FrlvA/xM8NfEawSfQtQiml2N59pL8s0T/d+eL723+667lb/vquqj2+VXoU6kakeaJzSpyhK0hdn3KVP7uflpkfehP4/9qtCCx/y02/NUUf3nWkf7u7pT/wCH/PpQAn9z+5Uv8VRJu3fdqV3/AOAUEEX+3T/L8z/gVMj+6/8AvVL/AA0AMb79NT73+7TnR9vy0xG/vffoAX/lj81Jv/vVJN/rqhoAKdsamfw/Lij+9vqgCTtSf7e7ZS/Jv+9Tk2ov/AqAG/xfJ9+n/wAf+xUb7qdQA7n/ADmhvuGkk/1gpKAHfxUJ/H/BR/F8tFWA/wD3vkopiP8AL8336KsyKK/6xPvU+T/WCmJv27fv0x/up97Z/u1znQTx7W+b+7TvMrmPFPxB0bwcsUeoXDTahL/qNPtImlu5X+5siiXezfO33/ub/lrFt9D8ffEZi19K3gLw/L/yzt2WXVZU/wBuX5li/wCA7nriqYmMVyr4jpjSl8T+E3fFXxA0XwvNFp88kl/rcm/yNH0yJri7lf8A2Il+ZV/222rWdD4Z8b+PmLavef8ACF6FL/zD9PlWXUJV/uy3H3Yv9yL5v9qu28J/DzRPBcMw0awihmlbfPdyt5ssj/3mlbczP/vO1bl1cwW0bTzyrDFEu9mZlT5P79eZUqVapt7sfgMjw14O0TwXZpaaVpkFhC215WRd0rP9xGlZt7M+z+NnrYvL+DSrV57meOzt4l3SzTMqIqf33d9irXnd98Ym164uLHwHpzeJriJ9suptJ5WmRN/tS/8ALV/9iJWrPl+HA1+6S+8b6i3ii6WXdFYuvlaZA/8As2/8X+/KzU6dKUvskS7yJ774uXviiR7fwJpH9sJ5mxtbvma30yL/AG1b70v+5Eu3/aqnZ/CqDV7yLU/GWpy+MdRi2tFFcLs0+Bv+mVuu5d+9PvtuZ/vV3K2yRxqqLsVflVU+REp+/wC5XpUsPGPxEe1/k90SFFjiRVTyUVdqov3FSn1C/wA/92n/APj9dhhzyMiyvdS+HfiSbxX4Ws0vJrjYuu2Bb5L6JPuSxfcTz4kXYrsyqysyt99Wr6a+HvxE0X4ieHYNZ0a8W5tZF8r+JZopU+fbLF8rbld0RkZVb+L+JWb5/T/U1kR6PqHh/wAQP4l8Laguka0yKl1DKrNZakqfwyxfwvsdtsq7XXe/3t7K3k4vCc/vUz1sJjuX3Jn2IklHme1eOeB/2i/D+uXX9keIW/4RXxJErO2mahKuyVfuPLby/dlT/bX5l2PuVflr0Z/F2lJb+e2p2iRfe3+ev/xdeR7OUXY9eNSPxRN7zPejdXy98e/2ydH8AWsVt4TubLX9dadPNVWaWGKL7773XZ87J93a/wDtf3d3BW3/AAUXg+wHz/CEn27b/wAsbxdm/wD743VHKYSxVOMuWUj7G1rxPpWgtbrqF9bWH2iVLeLzpVTzZf4ETds+euU+Ivxs8KfDfSXvta1WOFWb91DEyvLK/wDdRPvN/wCgrX5p/GT46eIPjRrkV5qrrBaRb1s9PVvkiV/4n+7uf+8//wBiq+bTXM9y372WWbb8m9mZ61jTOKpj4w5uWJ778Sv2vrzxl8UNL1m6sN/g/TpW8rTGVn8pW+Tzdv3fNXe+1/m2q7Kv3mdvoDS9WttYsbe+sp47y1niSWK4hbesqP8Acevz5r0j4XfF66+GV09oP9O8PyfNLYStna7j70TfMyt8/wAyfMrN/d3bl7aFT2T5ZbHJKssQve3Psb/2WsLx94y0/wCH3hW91zU3YQwRP5Sr/wAt5X+5En8Kuzp9/wDhTe38DVxui/tI+A9Ut2efWholwqI7Q6nG0T/8Bf51b/cV2/8Aifnr4ofFC++KGuPLb+ZbaBbMxsbSYf8AkWVfnXc290X+7u2/xMzd1TER5bQ3H7Pk96exxmua5feJtev9c1WVZdSvpGnn2/Js/uIn91FTaqp/AqqtVqKSQDivKPMqzlVlzDaKKT71BiLRRRQAUU9vuUif61G2K9AC0VH0k9TTZplt4nkZvlWg1+L4Rb68js4/MZmRF/u/Nuf+4lLbLJMEndPLmVl8uJ/+WX+3/tP/AL33f/Qew0H4YyX+kNe6l5kN7Kv+jRN8nkJ/ef8A22/h/u/+g8rc2smm3TQTxMjxNtZay5ZfFI29pSguSPxDaKJKK1OQKKKKACiiigAooooAPMpyffoooAKKKKB8gdKKKKB/CS2rT6ZfR3thczWOpR7mjvrdtj/8C/vL/eRt26voL4T/ALUcd5JBo3jwxWF1h1i1xVRIpf8Arr/DE/8At/Kv/jtfPFLdWsUsTRtEsqsvzbvn3VdKU4S5onbTr68tX3kfolHtdV2srq3zrs+dNlS/x/NXxp8Ivjxq/wAM/s2m6q8useF92PLbmWw/65febYv93b8v8P8AErfXei61ZeJNLtdS0+5jvLK4XfFcQtvRkr2adeM/8RVSl9qHwmh/F/u0xP8Avujf97+5T66jmFT733qen3fvVGv8fyrvof8A1R+/QQLN/e61Km7bUKP/AA/co8ygCbPyf+OVC33KJEXdR/t1UQG0Ubf4Kd/DUgRunzUv3/vCn72o/i/z61QEb/3aX/a5paKAFRPmpf4v8+tFFAB8tN/h+X/0GnJs27aH+/VgDvR/E/8Afq5/F/8AF1RTc/zL9xaAHJ8+z7u+inpt3f63/daigDlfEXijSPDaW41K+W2eVtkUK7mllf8AuxRLuZm/2FVq561h8d/ETH2eJ/Amht/y3uFWXU5U/wBiL7sX/Atz/wCzXX+DfhnofhecXyrJqutyf6zWNSka4u5f7+x23Kqtt+4qKtdi+1OK+dqVqkn/AHT0vcp/Act4M+GWg+B1aSxt2mvJf9fqF3K1xdyv/wBNZW3s339+xdqb/m211UkyQq7Myoi/O1eca38Z7IXjaX4bsZfFmrx7Fkh09lSGNv8AprcfMsT/AOx8zf7NY8ngPVvGs3n+OdX+2WjfN/YOmM0Vkv8AsSt/rZf+BbV/2ainTlPWMRy/vGvrHxkgu7uXTvB+ny+LNQXcss1vLssoG/6a3HzJ99PuLuZ/u1m/8K7vfFsi3PjzVf7eeL510exRotMif/bi+9L/AL8r7f8AZrr7CwttKtYra0gjs7WJdsUMMSxIqf7CLsVatr8/3Vr06WFjH3qhk6ij8Iy1tY7aGKCCCO2hiXYsMKqiIn+wi7FVKcysgpcf7NPy0zfKa6/h2OcjpP8AU/Sj/ll/tpS7/wDZWqIBP9mimJ++aj5t7UAWIv8AWU2P7z1Gn96np81AGT4q8G6R410abTNXt/tdpMvDMq745f70T/fVtnyf7u5f42Wvkr4sfCvW/hRcI7zy6loEreVHqqq3yf3ElX5VV/8AbX5XX5vvblX7Mfb8n3Yf9yqt9Z2eqWstpdwR3lrKrxSRTKrxSq/8Lp/FXJWoRkuZfEdka0uXkkfn9JN8lRblr2X4q/AOfwb9p1bQkF54dYO8tu/zS2X8f+0zRf7W/eu1mb5VavHF2NFv3bv+BV4koyjLlkcdWn1G0ySib/U0SUHOFFFFBpyldrdZJDK3zKvzRo38Lf3qsP8AfoooH7ST9wbRTn+/TaDIJKRyr/7H+7S0UAHl0eXR5dO2tQA2inbWo2tR5moSbUV2Ztir8zM39yu6+Gvg37VIuuX0P7gfNZQsn3m/56sv/oP/AH1/CrNheDPDY8XasfNX/iXWv+u3N/rZf4F/3P4/7v8AD/ErV7HGqwx7VVUVfuqv3NlXTpyqy5vskYmt9Uhyx+KQ1V+auX8deEv7Wt/tNsuy7iX97/01T+7XVcGiuyUD56nVlGXOz592/N/En/xVO2tXpHjnwT9s/wBOsV/ffelh/vf7deb7WX/gPy1xSjynt06kZx5okX8VS0UVJ0cobWooooMw2tRtaiigAooooNOVAn36KKKDMKKPM9qKDTlD7tCfdeiptvy7lphykPmV2vwn+KmpfCXWvPj8y78OXDf6dpO/7n9+WL7qq3/fKt93+6y8bRHR70Zc0TTD1ZU/dex+gPh3VrDxLpNvqWm3K3NlcRb4povvv/fV/wC66/cZG+ZW+WtHzH/hr4Z+E/xRufg5rhkSOS78OXTb9Q09P4P78sX+2qf8Bb7v91l+2dF1ex8RaVa6lpc8d3ZXUSSxyq3yyq33K9ehXU48v2jsq07x54/CaMn3X+7R93/gVMTbt+Snomz71dpwBH8jfxUny7fmpU3Un/fVMCR/7v8Adpj/AHKNjfw0m/8AvUAFNpz/AH6P/QKrkQDaP4flp38VDfeoiAkf+sNLz/nNM/2eaWgB3/AqPl3bP/ZqNn7xKCnzVcQG7lp392j5U+b5qF/2KACP93vZf+BUf7P7qhE3f3aERaAHb03JRQ53y4ooMjlvEnxi03TbxtI0C2n8Va7F8jWOn7XSJ/4Fll+7F/c2M27/AGa52bwfrvjxvM8Z6v5Ng3/MvaOzRRbP7ksv+tl/3PlX/ZrqdF8P6f4csYrTTbSCwtV/1UMMSon/ALJWgn+prx6WH/mPTlVX2SvpOl2Oi2a29haQ2lqq7Vt7eJYkX/gC7FrRX733lpiH+Oiu+MeU57sd9/f97ZR1/wBuj7n97ZTPv/dLVoIej/LR1/26Yjrtp+/5f9qgB2/Yrf3Ka7/Mn/j1CPto+bfuagkPl875aKI9n8NCf67/AGKAHK/8LUfxfw/5NNpm5fWgB/8ArP8A2Wh/9mjzPahP9VQArx+arK375W+XbXzB8b/gK2ivda/4XgMmlZ82+0+FP+PP+N2iT5Pl/vIv3f4fl+VfqF3wvz7f9+mOfm+9XLVpRlE1jK+5+eSutxtkVldWX5XX59y0yTtXuXx++Dq+G7a68U+GrUJpkO86hp8KfJEz/fliX7u3+8iptTZuX+Lb4ajCZfMVldWXcrL86NXhyjKEuWRlVpcvvR+EKJKKKDnCiiigAooooANrU2nP9+m0ADpup1FFABW34N8Mah498TWeh2RaCedl3XGxtlrEn32f/YVX+5/E21f4lrCmmW2jaVz8i/3fnr62+Bfwu/4QPw0L6+jVfEGoqks6vt/dRfwRf7y7d7f7Xy/wK1aU6fPLlOuhHl9+RxF58OrX4P6hbaNa3MzaTqCo1pLM294rxF2Sq7/J8sqJuX+625f4fms17N4u8KWvi3w3d6ReDakqu0Eh+fy5U+ZHT+Ftrv8Acb7y7l/iavBdG1K5mN1Y6hAsOr2MvkX0W7enmp/y1T/ZZPmrrlTdKXLH4Tjx9P2v71Gm6U2nP9z8KbWh80LJ0FcT4z8CrqStc2K+TdLv3Q/89f8A7Ouzb/WUn/AqiUec2pVJQ95Hz+9u9tI8TKyOrbGRv71Fes+MPBkGsQtcwbYbtV/7+/7L15TNDLb3E0E8XktE21lauOceU9unUjP3ojKKKKzNQooooAKKKKACiiigAo8uiOn0AM8unp8tFEdAD6I6ZRQAv/LSvTPgV8Wm+GetLpmoys/hO8l2SbtzJYTt/Ev91fn+b/vr+8jeaydqY6rJG0UkXnKy7WR/4qIylD3o7nXSq8vuS+E/RNJlkUMrq6P8yuj/ACMn9+nNN/FXzv8Asy/FYLYw+CdZnbfErtplw7N+9iX78Tfw7lT51/2UZf4U3fQzP8te5SqxnHmZdWPLsP8A9pal/hqJH/4AlCv8r11HMD//AGND/co2Lu+7R/t0AR8/5zS0UVQCyf6wUlLH/rDTERqAJP4v8+tFM2bjT/4f8+lABRs+R/4KbTti/PVgI211Rfmpwfe1Nb51+8yU5EVV/ioFINny/c+Wnuq7UqPzv9mlb75oMxPLoo37f7tFBqZyP8tP3nrs+SmJ8/8AF92nR965zUej/Ltp/wDrF/26hR/mH8dOk/1NADvOb/ZoT7/zfxULJ8v+7Rv+X5vnqwHR/wCsNL/F/D/k0UzeX/upQA/f/s0z/llx/wABok7UeZ7UALnZ/wABpI/vNTZKKXMA77i/71Pj70xOv+3TP+WuW+SmA7/lh/BS/wBxqP8AXLSt8v8AeoAd/D7fcpj/AC0b3/vU3zH8zo1ABJ9zb5Xy/wC0tfLPx0+En/CF3Vx4i0O2E2gSnddWkKD/AECV2/g+58rO6LtX7u5V+66rX1Hvz/E39+m3MUF5bywTxLNFKrxNDKqukqP8jrsrlq04zib0p/Ykfn//AA7v4Khr0/4z/B+TwHfS6npsTTeFZ5fl+8zWErfNtf8Ai2/3X/h+6/8AC7eZyIu+vElHllyyMatLl2GUUfw0eXSMOUKKH+6lFBmFFFFBpyhRHRW54O8L3vjzxLZ6Dblo57tlLXHzbIok+8zf7Co/y/3m2r/EtM0pQlOXKegfs7/D9vF/iX+3r6J30vSZU8jcvyT3n8P+zti+Rv8Ae2/7S19VR/e+b+Ksjwz4csvC+hWWk2Ebra2sSJEv39/99m/2mfc7f3mZmrX/AOWaV7FCnyxudc5R+COw6SvKfjD4Slt5YvFulW7TXtouzUYoV+eew/jb/alXb8r/AMSfL/dSvVpO1NkOZfu1dSn7SPKYxttI+ere4ivreKaCVZoJVVomT502P/FTqTxf4Xb4ba/9iiU/8Itqsry2TRlsWk7fM0Sfwojom5f9n5f4Wam7/wDZauKMpKXJI+cxmHdKpdfCSN92o6d5h/uNRj/YFaHANrl/FvhGLWo3lgVYb1fuv/e/2HrqP+AtRUThzmtKpKEuaJ4JcQyW1w8EqtC8TbGVv79RJDtr07xz4V/tKJ7623JcRL8yJ/y1T/4uvNE/1grgnHlPep1IzjzRGPDuoSHbT6KRQx4d1PjoooAKKfTNq+lBpyhRR/DT46DMZT/u0UUGoUUUUC5Qb7lOT79FFBmNaOWO4hntp5LO9t5UuIJofvxOn3Nn+69fa/wn+JVv8RPCkVzIc6pB+41GFNqbJVT7yfe+Vk+Zf7v3f4Wr4qrsvhT46Hwx8ZQalcbn0m4CwarCp3/ut+1G/h+dXbd/eZdy/wAT1tTqckv7p6lP348rPthf/HKm6/8AAqqW1zHc2qTwSrNCyq0UyNv3o/3GqWN/9qvfTUo3ON6OxP8A7H92iRcJUfmH1+5T0kpmfKNk/wBXuo8v3p38XzUb+m2qiMX+L5qRfv0bmob79SA2lj/1hpvzf8Aoj+89UA7+L5/SpKiqWL/WUAM/4FUk3+uqPf8ALRuarAZ92nP2/v0O9N8z5f8AdqAHp/qaKb/E60VYGUm/aadu20zzv937tEb/AMTVx8x18pY+bzkapP4ajRy/3fuUO3+9TATf8u2pP++agR/mod/93NBA9Pvfean/AMP+fSovM9qPOX/vmgCRH+aiST+9VbctTedV8yAEf5qlX79QpL/upS7l/j/8do5kBLTf9imO3+zRu+SjmQEv8NP3/J/Fsqj52+nozeVn/wBmo5kBKny/3qN/zVB52/7vyU5H/wBqgCWNvk3KFpu07fmo+0Lt6rTfM+5/nbUF8pDfW8Oq2NxbXltHNbyxOssMyq6So/30f/Y2V8o/GL4PTfDhn1TT0aXww7MiqvzvYu/8Mv8AEyM/3X/h+638O76td9v+/UWoW9tqlrLbXUEVzaSxOskMy70lR/kfetcNSnzFwl9iR8FUV6P8Xvg7c+Ap5dW0iOS78KszMyIN01iz/wALfxNF/df5tv3W/hdvO0ZZoUZXV1b5lZa86XNH3ZEVKXLqhkdM8upqNrUjm5SHy6I6d86/c3Uc0GnLfYLi4WGFpH3Mi/wr8zM/91f9uvrD4C/DiXwT4YGpalAE1/UVV7rcq/ul/giT/d+Zm/2mZf4FevOv2efhd/bUsPizVYAbKD/kGRTLszL/AM9f72xdjKv+1838Ks30crvHmuzDU+b3pHVyqlDl+0S7l9adz/nNNR/m+ah3+b+GvUOcl/hof/dpryb1pvnfMlHMBn+JdBsPFGh3ekXkfm2VxE6Ns++rfwMn+0r7Nv8AdZFr59jTUPDesz+Hddfz9StV82K4Lb0vrf8AglT73zfwMm75djL/AHq+kXkrkfiB4JtvHWjKqyLaapZt9o0+/Vfmil/u/wC0rbfmT+L/AIArLxVafN78fiHKnGtD2cjzCSmVnWWqTyXFxZahbCx12zl8i+tH+X5/7yff3qyfOr/xL/wFm0Y6xjLufMVaEqMuWQUUUSdqOY5eUV1+WvLvHPht9Nn+3QLsilb5k/269QqDUtNg1K1eCdFdJV+asakec78NU5Je98J4ZJTNq1d1jS5dJv5baX7it8rf30qpWB7cbS1Q3atPop1BY2iOjy6PLoI5Qo8ujy6dQMb5dFOQD+L56P8AgNBsojMjbS+XTv8AgNH/AAGgOQM7HpuTDS7jSbj/AHKCOVDqI1WZNrKro3ysjf3KC/FPHziguG59Jfs1/ENtW0O48MX0ga90lUa1ZlXfLa7vup93/VP8v+yrqv8AB83uyffr4M8H+MrjwL4msNeiTzxZyK0qp/y1t3+Rl/4Ev3f7rbW/hWvubStUg1TTba+s5VmtLiJJYmX7jROu9G/4Ej769bCVeePs5dDplFS94v7/AJv9miT513VXR/8AdoR/73yV6BxE2D61Jn+7UCZ/vfPTslqDHlJKKRP9qlqhiL03UR/OtC7cUrf7dEQHFP3dA2bv9uhPv0R/eFEQFbuq0yTd8lP/AOWJ3UyTtVyFEheT3+en5/79U/8AiqHzv+uny1kbco7+L/PrRTVmX/ZooAxkkqSqqGl89qw5joLm/wCb71Ik1U1uG3VL9qbfWZPKWvNPp92jzinaqX2r5urVIl6d33a05g5SzvNNeU7ulUUmb1qzdXD2t35Cn5aOYOUl87/0Kj7QfTZVH7Y3y/Kv5VNJcM1HMHKWfM+/SedVdPuUbud3ejmKLHmfd3fcoSZttVY2+0N81OU+X9/5qOYCx5p+6wZ6Tc9QI1DtRzE8pZef5aHkqnHcNuemufuUcxRe875aTzqgdqgadkrMC4j/ADbt38NM8z2qvaztMfmpUagB7rBdRvFKqzRMvzQsu9HT+69fPXxL/Z5mtGm1XwWqyhd0s+is2wf3t0TNtVf4vk/75/hWvoJ2+ak3/vl/2q56tKMyoS5dz4PkkexuJbaeJobuJtstvMrK6v8A3WRtrK1SyV9m+KPA+g+JLSebVtItL8Rb83Myf6Qv+46bWX/gDrXAf8My+EdS0oanbT6xZ2qM3lJFf/d/4A6P/wChV5tSHs/hN/ZRkfOEjrDCzMyoq/OzP9yvQ/hP8KLn4lLBe30clv4ZibdKWbY95t/hi+42zf8Aef8A4Cv8W32DQv2cfBOl6zaRNYT6vdyupifVLlpUH++v3G/74r0O426bahNimJEwFj+WtaNPn+Iv2caPvRJrCGCztYYIIo4YookSKGFdiRIn3ERKsL/tfxVUWZm6mnfam2V6fw6I5N9S15ny03zqr/wPS7vmrbmEXfM+XfupqT/LUEf75fmpizNC3y/7tHMBc87+Cot/3f79M85vNWm27LcfeSmBxXxK+Go8ULHqmnCKDxLZo6QTTN+6uV/jil/2GT7v8Stt/wBqvN9P1qO+82KXNjqFvsiurFvkeKX/AG/4WVvvq6/eX5v9lfenHyrXn/xG+H8fiOZda0+SPTfEFvb+atyU3RzplG2zL/FuLL/ufw/d+bzK9P2fvRKqUY1qXvHGeYfSiSasTwv4mXxJpcE6QeS4VBsdty/d3Vtx1jGXMfKTp8s7MdUW5aNzf7NFaCOU8eaP9qtUuol+eL73+0teaeZXuNwqTRywSLuTyq8Z1S1Wx1a7gT7tvJtWuOp8R7mElzR5SvRRRWZ3BRTfu06gApI/9Yab5ntT6sBvmU6ipP4d1QBHRRRRzE8oL9+iiigoKTf8vTiloqwHxzeX/HX0Z+y/4yGpeFbnw9cS+ddaPK8sG7c7tayt8n/fLuyN/dV1/vV85x103wr8QT+G/id4fuY/nW9uv7JnT+9HK5VP++XhVquhLlqRka0veUon2qky+lStcLt+5Wd5zeZnvSyXDsp56173OYcpeRtmz5fvVIk27+GqEY+VPmb5acJm5FXGREomh5ntT0+WqqXbfLUiTHdV8xjylndhaA38Zeq/2p9lO3fJVxkRyk3me1HmfxVB9oHlv8v3qa938v3aOYfKiVpfv1G82d3zN8tQPO3yU6SRl2fO3y0SkdEYiPLSu5f3qKO5aOmfaG2sO1Y8xcYk6Md21qKqrcN/31RWhHKf/9k=','1','1',1),(2,1,1,'1976-09-04','Веточкин','Герасим','Вениаминович','8 970 822-16-13','','/9j/4AAQSkZJRgABAQEAYABgAAD/2wBDAAMCAgMCAgMDAwMEAwMEBQgFBQQEBQoHBwYIDAoMDAsKCwsNDhIQDQ4RDgsLEBYQERMUFRUVDA8XGBYUGBIUFRT/2wBDAQMEBAUEBQkFBQkUDQsNFBQUFBQUFBQUFBQUFBQUFBQUFBQUFBQUFBQUFBQUFBQUFBQUFBQUFBQUFBQUFBQUFBT/wAARCABjAGQDASIAAhEBAxEB/8QAHwAAAQUBAQEBAQEAAAAAAAAAAAECAwQFBgcICQoL/8QAtRAAAgEDAwIEAwUFBAQAAAF9AQIDAAQRBRIhMUEGE1FhByJxFDKBkaEII0KxwRVS0fAkM2JyggkKFhcYGRolJicoKSo0NTY3ODk6Q0RFRkdISUpTVFVWV1hZWmNkZWZnaGlqc3R1dnd4eXqDhIWGh4iJipKTlJWWl5iZmqKjpKWmp6ipqrKztLW2t7i5usLDxMXGx8jJytLT1NXW19jZ2uHi4+Tl5ufo6erx8vP09fb3+Pn6/8QAHwEAAwEBAQEBAQEBAQAAAAAAAAECAwQFBgcICQoL/8QAtREAAgECBAQDBAcFBAQAAQJ3AAECAxEEBSExBhJBUQdhcRMiMoEIFEKRobHBCSMzUvAVYnLRChYkNOEl8RcYGRomJygpKjU2Nzg5OkNERUZHSElKU1RVVldYWVpjZGVmZ2hpanN0dXZ3eHl6goOEhYaHiImKkpOUlZaXmJmaoqOkpaanqKmqsrO0tba3uLm6wsPExcbHyMnK0tPU1dbX2Nna4uPk5ebn6Onq8vP09fb3+Pn6/9oADAMBAAIRAxEAPwDyf9sPSHvfEWoWkETM76ctzGsY3OzIWJwOp4znHQe1fJ2jQxrr+q278q7iRR9cn/2YV9kftjSLpvi7Sbt4DOktmyIA+zDq+Qc4zgHBwME+o618MabrVzqXir7XdTPNcXUuZZXYlmYnkknqa8TCczgn0sexXtGr8z0uz0k2evaQ+l6euqam1zGkFphjvkLALwpB64r9Jvhn8Ib7w7Zu/ia80ue5nRCsOmwu6xPj5h5zsS3J4+Vcepzx8Qfs96eP+F3eFpJk3xQySzHeMgFYZGU/UMAR7gV9/wA3xK03R492wF9oHzthWP5E56D8R3wD6UcO60boirXVGXL3Kviz4X+CdaWODXtF03U/LctHHfqs6hsYyA2RnBIry0/Cv4Y+CfF2n67pWh6fpOt2ZFzbTWqGONWyMEKDtY8jAwe+Kydc/aEuoLzzZbeNLVn4jCnbjng8dcAdzwe/WorX4yJrs+6O4k2hW2xsVxk7ufUke+cZ6HAZeGpCUYtdC4zjJ+Z7jp/7QGvaKVeSz/tSHeNwNo3KjnKlMcEHqQcV9j+AfGui/ETw7FqujytJAx2SRyACSJx1R1BODyO/evyj8UfEHVxJIIiYVdi27bzxkEcgEd/1Hds7nwo/aS8T/BH7bqVpazajb6o8Vk9rCD5aHeSs3AJCpl/QfOa8+lGnRbnGCZVaLqqzep9w/tKeF7eLWNL1hoVZZ4mt3ZkyAVORzjuGP5V4Zq0Gkx2oUi1Vsc52ivMfiT+2x4j8aeG00+8sbeMxuJPMSY53D0BHHB9TXj958dL27X97JLH/ALprhlRlUqucVyp9C4y9nBRk7nqHiTT7K4mkCKpRc/cYqv515rqEUO5hA8sx6ZRmK/TNc1dfEQ333mR8njjn8cmqz619pUGRlPoQQF/IEV7OGpSjucdSaNJo5dx23LIPQMDRWcsjSqGP2eP2DSHPv1NFexys4Lnsn7Y2iveeF9P1GKMO1lKd5x0Vhj8s4r8//EehjT/F8D2Fq4infesKkNhg2GAwowO4HYEDNfpX+0d+++FetnbuKxggf8CFcp+wv8N9M1rwzqPia/S1n1uC6NvBlFdrSMjcWVhnDtvUHPzKBjjJrwMHUkqS8rnuYmmnU+488+D/AMO9ftfHmkazeaRJounQpKc3z7J5S8TINsQBYDLA5baMA4yeK9m8RR2c2pYZIwI4/maTq75wvbPUnj19c4Ot8WvAHitoo49AR7eZm87zYod6+arBo88HjIGTz9DXzfr+h/HqRnW50Se4mU7huigOfwU//qr6vASXs2meFjuaVRSR6/qPw10/xNo6yTahHJF5TEM67W5BIOM5Axg5z+RIY+R+JvhvrHw9u47sD7VbEB0kiO4LyAML157HA6diCBzs2i/tLSRxC10KTT4iTskRLZOeTuyzHBHJ3fjmrEnwh/aI8WQ29vqevNZ28ahdtvcpAwDYwpEQUt0AwScbccYFeTUg6U3aWh2wmqkVpqdjZ/E3SNNtR/wkV/FBbTYIE84U4Ax8o6twOn0x2z5tr3x0uPEF8mlfD+xee7Cs6yvbKxRSoO5EK8cHqfXGO1bfhj9ie8hvIJvEkV9frJ+8K288SBx1OfnLevOQa9h+Gf7MOi+AZtQvJbKzt4HGYbq6fc8KYYkeYQMcHnnoOelefJU46rV/gdadSWj0MPw3O3ijwpo6a5Ypq9yIVjum2lmmZRiRlOA8b5GcAgEHivHvib4XufA3iJ7FpDNbuomt5G4LRnpn3HT8K+n9S8SeE/A1vNcxo9+FPmytZxsVj+UYbIB46gntznvj5c+LXxPn+I2uQXkkP2aCCPyoYwFOFyT0HPfABJPHU1FGLch1bcpzcV1K3LZP5GtOxZGJ4UHv2NYVq0rkNGElU/3Tgj6g9K1IJljBDIcd/MBGPx6GvZpKx5kzeUJt++f++zRWakH2gs0bsEBwMMR2HYGiuyxzH6Eax8Obrx5o9xpLQ4ju4iu+QHbg+/QHGDz6g9xXl0jaF8AJhYeE7K6s9WLqL2SWVpPtLJ0JVjtHOeFAzmvtfSdNjttDjtY2WWNBlTj69PzNeGfFf4aprepRXojhlmUgM0iA71Bzg9/bIINefgcK6UNOp6tfERnO0jitJ+PusSGM3OgL9mYEO/zb++CM8ZzkdvqOobrH7QGhwqgvNP1FPKUExlwAzbQWydwAGQRkdhgdQF1dc0+x0PSxLNGI4kX5vl6YFYHgv/hC/i7pNzJp8sN6YJBDOpQBoyQT86kZwR0PQ54617/1ajy3aszxfb1XK0djnp/2lPCdjdII7a6W6UtMsb3MYXblVZclvRWU4HBPuQMu+/a8063WSSy0WVr0IFkaSd2U4A5+59MjODv7YGe8vP2d/D8V9NeT2qHajRBgg+bcF3MQejZB/wAmuU8bW/w88A2sk2s3FjYFmyonwCScHgdS2QP0rwsQqUNtz1qMast0cJqf7S3ii+mb+xdD8i1Dny5LmLEgGevJcMfU4wSenp5r4l8ceN/ElxnUZLjy2fOGyu4qe2fuEbz9wL1PFe7+Brrwp44t1udGmjvIy20bEOPpjH9BWjqHwlm1nxAki2TW1uhHzuowR9ck8Y44HWvAqV+W57tGgnucd8KfD1xZSLfxLNZ3Vwo3qpBLn1YkZP4+tdb8QP2Z9K+Ivly6fdQaJeMDJMZtPEhmcknmRXDDljnr0XHSvY/DPgK002NAI1PAHThfoK6tdHij4VFwOvGDXhSnVVT2lN2Z6Ps6co8k1ofm58VvgjqXwcurdNVLTQXO4wX1grPAwBGASwGG65XJxxya5ezt22+Za3MV2D1RZNr/APfJwT+ANfpp4p8P2Or6S9lqkcdxZOuxoJGyrcjGUJw3+eDXxJ+0N8B4vhXGdQtNQsl06b5re1uJG+1uflDnCwqm0Fl6txngc19Jl+ZKrJUq2kvzPBxuAdNOpT1j+R5eb5I+JYtr+kic/qKK5aHWruCMJHfTRJ2VWIAor6c+fufs9pGpfZQyZ2g8lVHH1xUbXVpPeSLIoeNxwPQ15B4juNYsdbE9jqjrBa4llCkMJAc4B44HXpzx1qST4jWGpTCL7XHDqABYwEFScHBIz15raMY2smbOEn7zWh1vjvw1YeJNPl05lWDepAZeM/Q+teL/AAt+BWk/DLV7mXQ3kt/7Sdftk8kh5CE7eCe2T0rvNU8fW+p2LQ+Y0N5GMoy42sfqOK8f8ZfEzUYLONbdFW4hdi67sBvQ9ecVjKMqabTudeHpxqzUZaI978TaWP7Ncw6puZPuCIg5/Xivnrx98C9A8eWJk18TzMpOyZCflPI4/OuY8NfFrU7XUrua886YTbcq7jykCjHygD8ScnNa978Y21CQNbW6kKMKgJCk+/P4/hXx1WniJVHI+0ccNTjyp3O6+DHwy0L4X272tqkrRyPuHmfMxOMHmvY2urNlURBI8fwrXhek62LW3a5nu5Lidm5CsAoHoBjj866jT/FMEMQmnmVVIzuc7SPwzXPOnNrXc5o25rrY9Tt7iONSfMG7sKy7vxZb2zKhuFd3OAkbDJ5+vuK5iw1C78WadPNpcsNrbQvse8nk25xydowecetc34R8A3EFw2q2lzPqf2pi1xPcS8lycExKRyAOADyfxxWMqbirs1a6nrLTW91CTcQKqv8AKfMAXd+ZrA8QeCdK1jTTpuradaajprPlbO5tY5Ujbk5KyKV64xheMV10V3FpOmWSrIs0kyH9zI3XABPPsMjAB5OccGuf1C4XTYpb2zsFnhjh8o28ZwACMp7Dhu3HoTwRwYiKilOO5dN814taH5q/ED9mX4oweLdQg0PwhbJpcL+VBJY3oSKYAf6wLPdSOu7rgt+C9AV+h95HHNIrwW80sJX5TIX3AcjB2q36nPNFd0c8rpJWX4/5nL/ZOGet3+H+R1sPhmw17SpY22GSPzEimXKldw27eO7AEHJ5wfXjjr7w3pN5a3Vo0cdm+c/aFxvMhJYseBjkk4BxyeBWVYfEWTS5FgYSNHDcvB9qTAVtskio3uGXywPQv+NS+NBY+KNNgvHQtOieWjQtskGWwTkdR6Ag9fc19jOnWqR/dyszwsNXoQdqsbo8h1rwHqlhqkl3FeSXFrASBJFIQrH0/wDrVx+oXF/ezM9rL9oAYK8UyfMM+3WvSX0G8XEUGqTfY5DvImdeCMDODj0FU7fwUlveG4Mkl1cYxhWVR1PbPX8aw9vWorkrL5nq/V6Nb36T0PMl0HWJprl/JgR4xnaBx0yR1/nT4IfEUM6xS2toEL4SZIshuvBGeK9stPD8E6BnQDnafvZGfXFas3hmV7V5bJISkOGeRmXK4I5AJ569+KxlW5g9hynm2g6Lq7xvibysAbtiZx/+qtqX4dzzW6S6ndNPArBmV+MenC9a9P0waNbbrmOZDcKgZwy7Pzzj/PStGbWLG+jmgkhjO0YfJU7fqeMVnyRqmsG4HjF1r1wzRaZpcSxWpwArDOT0J9j06V7PoFs+l2MEYaVVVfuB2UD1OM1yWk2miw3z3NpDCr7secrK20+m7cfUcCr03jiO1/dI6zNuAU7uck/KPofpgZGRXNjveleOiR1UJQhC0tWani7xBbjzoLvzDFEkkDbM/vRIgXBI5BIJUY5JYHjFcVoWv3wt7nSb6V31DSAy3d3HMCslsHIV+OcqpXLDjEjbtxYq1W+1qeGOCUXH2i/m1SFpo25XZAzXBZexBeNo8j19sVB4ijTT/iFiS9+1XdpBNdRKqhlGIdkkIGOd0Yjk54wH7tXy1S83bodCaSud5pWp22o6bbTaeVkhMahpI5JtjtjllwrcHg5Jyc570V5xqniC38K3babaWN/LBHl1WztDOsYYltpIIAPzZwB0I9aKFhpNXRl7dLQ5PwZ8S7XxRqOseGNX09bHUrPeyGV2jdWwyBdm3jAiR89RvJA4zWzDrl3d6b9qtSQxC3Qs4JgZAAoBCg/3eNy9MMCQNwFJ+2F8JrSZbfxfpFv5Gr+aqTvCdjOhGATjqR0z6E+gr52tv+EmsZHltIZ5Jg6yxTLIwMUg5bknlXy29e+e1fpNKfP1sz4KcXHbVH05F4yV42E1uzzSBBIQNhR9xABUnOSc4GckYIGDWZc+Motaa4k0i7t9M8nJeQSxTfKoO4kSFNuOOp7V47o/jLVr7U4LbWNPuLVlwqTQDMu7ooSQYZP4R12McMQvObV18TbXRWfWMPDDDILCeexgTdFI6ARNsJWMklZiWHB8s4UDDsq0JPU6cPiHHQ9St/EU+qRT3P8AbX2yxh++9rboAgzgnI47Hq2M46jmuhtPGrrGl8upWNoFAMFureWwYHKqWcqCABlgpOd+FILZrwnw54y0u18ZatZ2msLI0ULRyTXUyj5hlJc/6MFlQFTIQpC+XzvzkCvdfE7RvCXiG58MeJDb/wBrQrbn7ZJYwCABmUFE8xCchXzuZ41IXqowx8qcKm6R7EcVBqzZ7U3jqS1juZvEmmTDySdt1b25gt2dhyAkgQhu52YznkGrEPxFs7HTbVr2G+g3SR5+2KqRqjAsGUBVLjAyWXdjIz1FeH+KPixot4tn5HipNMsLVQyW1rA8WwM7quEWRtv3N5ZSWCyKRG2cVieE/iZ4d0++ur29+0XFvbwLKpuSLiUqxTasilkHmP8AvBhSNgAI5wa41Cte6TRrLEU31PpS5vtG1Wzk1MX/APaOnWpYRWljGfLZmIXPlqNxGXJHPKliNwBzlR6xa+H2bUdRigjksdl1DFdLtRG+ZQXIzkx7zyEy7b0XOwsPn28+LFpr1032aTUJjLcs88l9AEiWIYBaNEADluCGZQYwu4KGXBi0T4j6xda09rDpCxaDdyRCZ1BDogk5GFbiPYfuc8op67iYlRqT+IzWIitj33T9c01bfwbeR3MaBvKhdZ4hFJG0EpkmkA7hkfdjGBvPTdgeeeJ/i/8A2ZpclpaSufFSTSC8uYVYmOTzHCKD0wqBRxn7gz1OfL10/wAVahqQu3aa2uSCHl3YDfOzDBxxwcH+93q/DY6h/aV7dXNuk9zeStPNtPJdmySB9SelRHBxTuxvFSasje1j4i6l4jvjeyzR2UjKqmGNAyggAHBYZxnoCTgYGTiinrbIVBmVBKeT5kfP6iiutU4paI5+eT1uffagXMcsUoEsbLgq4yDXyr8cNLtdD8bbbCBLRJodzpGMKTjrjpRRXVU/iI4aXws5qFFa1t8qp3Lk5Gc8/wD1zVS8s4Li8vLaSFGtz8xj2jGR0P15P5miivTWxzvcxvFmg6d9hRvscIYKoyFAOCmSK4i+0mzvpnlubdLiUog3yjccAAAZPYAAfhRRVRJluWIPCukpdQILCHa0JZhjqciuotfBOhreQ402HBiDEc4JyO2aKK5KjZ0QSOztfC+ktZspsIcRqdny9M//AKqsafpVnHIQltGny/wqBnp19epoorjmdUSzDGkU21FCjHTFR6rZwSWolaJTJGw2sBjGc0UViviRsthbmzgk8lmjVmKdTz3NFFFbmZ//2Q==','0999','0999',0),(3,2,1,'1968-12-11','Митасов','Геннадий','Ефимович','8 991 170-14-89','gennadiy93@mail.ru',NULL,'2','2',1),(4,2,2,'1985-11-05','Таланова','Ярослава','Климентьевна','8 982 673-84-32',NULL,NULL,'talanova92','5867',1),(5,2,2,'1992-05-11','Канаева','Василиса','Александровна','8 911 566-91-80','vasilisa1992@mail.ru',NULL,'Oachav','8PjNki',0),(6,1,2,'1994-03-02','Спиридонова','Оксана','Емельяновна','8 931 703-63-37','oksan48@rambler.ru',NULL,'Randr','Ny095g',1),(7,2,1,'1968-06-21','Протасов','Виталий','Михаилович','8 983 716-13-90','vitaliy916@gmail.com',NULL,'Vital','LXRai8',1),(8,2,1,'1981-10-01','Витвинин','Михаил','Викторович','8 926 251-46-38','mihail59@rambler.ru',NULL,'Viah','K4C6Qo',1),(9,2,1,'1988-10-13','Новомейский','Дмитрий','Алексеевич','8 991 208-74-40','dmitriy88@gmail.com',NULL,'Krahm','qc9AMe',1),(10,1,1,'1978-06-20','Третьяков','Игнат','Игнатьевич','8 932 997-38-26','',NULL,'admin','admin',1);
/*!40000 ALTER TABLE `users` ENABLE KEYS */;
UNLOCK TABLES;

--
-- Table structure for table `workers`
--

DROP TABLE IF EXISTS `workers`;
/*!40101 SET @saved_cs_client     = @@character_set_client */;
/*!50503 SET character_set_client = utf8mb4 */;
CREATE TABLE `workers` (
  `id_worker` int NOT NULL,
  `id_position` int NOT NULL,
  `id_gender` int NOT NULL,
  `id_brigade` int NOT NULL,
  `date_of_bers` date DEFAULT NULL,
  `second_name` varchar(25) NOT NULL,
  `first_name` varchar(25) NOT NULL,
  `last_name` varchar(25) DEFAULT NULL,
  `telephon` varchar(15) NOT NULL,
  `e-mail` varchar(25) DEFAULT NULL,
  `photo` longtext,
  `login` varchar(25) NOT NULL,
  `password` varchar(25) NOT NULL,
  `worker_status` tinyint NOT NULL,
  PRIMARY KEY (`id_worker`),
  KEY `id_psition_idx` (`id_position`),
  KEY `id_gender_idx` (`id_gender`),
  KEY `id_brigade_idx` (`id_brigade`),
  CONSTRAINT `id_brigade` FOREIGN KEY (`id_brigade`) REFERENCES `brigades` (`id_brigade`) ON DELETE CASCADE ON UPDATE CASCADE,
  CONSTRAINT `id_gender` FOREIGN KEY (`id_gender`) REFERENCES `genders` (`id_gender`) ON DELETE CASCADE ON UPDATE CASCADE,
  CONSTRAINT `id_psition` FOREIGN KEY (`id_position`) REFERENCES `positions` (`id_position`) ON DELETE CASCADE ON UPDATE CASCADE
) ENGINE=InnoDB DEFAULT CHARSET=utf8mb4 COLLATE=utf8mb4_0900_ai_ci;
/*!40101 SET character_set_client = @saved_cs_client */;

--
-- Dumping data for table `workers`
--

LOCK TABLES `workers` WRITE;
/*!40000 ALTER TABLE `workers` DISABLE KEYS */;
INSERT INTO `workers` VALUES (1,1,1,1,'2004-02-02','ffff','ffff','ffff','77777777777',NULL,NULL,'123','123',1);
/*!40000 ALTER TABLE `workers` ENABLE KEYS */;
UNLOCK TABLES;

--
-- Dumping events for database 'ro'
--

--
-- Dumping routines for database 'ro'
--
/*!40103 SET TIME_ZONE=@OLD_TIME_ZONE */;

/*!40101 SET SQL_MODE=@OLD_SQL_MODE */;
/*!40014 SET FOREIGN_KEY_CHECKS=@OLD_FOREIGN_KEY_CHECKS */;
/*!40014 SET UNIQUE_CHECKS=@OLD_UNIQUE_CHECKS */;
/*!40101 SET CHARACTER_SET_CLIENT=@OLD_CHARACTER_SET_CLIENT */;
/*!40101 SET CHARACTER_SET_RESULTS=@OLD_CHARACTER_SET_RESULTS */;
/*!40101 SET COLLATION_CONNECTION=@OLD_COLLATION_CONNECTION */;
/*!40111 SET SQL_NOTES=@OLD_SQL_NOTES */;

-- Dump completed on 2023-05-31 10:57:10
